pp03 /gpfs/milgram/scratch60/turk-browne/aa2842/sandbox/auditory-object-scenes-data/objects_scenes_bids/ /gpfs/milgram/scratch60/turk-browne/aa2842/sandbox/auditory-object-scenes-data/objects_scenes_bids/derivatives/ /gpfs/milgram/scratch60/turk-browne/aa2842/sandbox/auditory-object-scenes-data/bids_workdir/
fmriprep /gpfs/milgram/scratch60/turk-browne/aa2842/sandbox/auditory-object-scenes-data/objects_scenes_bids/ /gpfs/milgram/scratch60/turk-browne/aa2842/sandbox/auditory-object-scenes-data/objects_scenes_bids/derivatives/ participant --participant-label pp03 --nthreads 16 -w /gpfs/milgram/scratch60/turk-browne/aa2842/sandbox/auditory-object-scenes-data/bids_workdir/ --output-spaces T1w MNI152Lin anat MNI152NLin2009cAsym --fs-license-file /gpfs/milgram/project/turk-browne/aa2842/license.txt
You are using fMRIPrep-23.2.1, and a newer version of fMRIPrep is available: 25.2.5.
Please check out our documentation about how and when to upgrade:
https://fmriprep.readthedocs.io/en/latest/faq.html#upgrading
bids-validator@1.14.1
(node:397528) Warning: Closing directory handle on garbage collection
(Use `node --trace-warnings ...` to show where the warning was created)
	[33m1: [WARN] The recommended file /README is missing. See Section 03 (Modality agnostic files) of the BIDS specification. (code: 101 - README_FILE_MISSING)[39m

[36m	Please visit https://neurostars.org/search?q=README_FILE_MISSING for existing conversations about this issue.[39m

        [34m[4mSummary:[24m[39m                [34m[4mAvailable Tasks:[24m[39m        [34m[4mAvailable Modalities:[39m[24m 
        21 Files, 1.87GB        audlocalizer            MRI                   
        1 - Subject             vislocalizer                                  
        1 - Session                                                           


[36m	If you have any questions, please post on https://neurostars.org/tags/bids.[39m
260514-00:07:57,487 nipype.workflow IMPORTANT:
	 Running fMRIPrep version 23.2.1

         License NOTICE ##################################################
         fMRIPrep 23.2.1
         Copyright 2023 The NiPreps Developers.
         
         This product includes software developed by
         the NiPreps Community (https://nipreps.org/).
         
         Portions of this software were developed at the Department of
         Psychology at Stanford University, Stanford, CA, US.
         
         This software is also distributed as a Docker container image.
         The bootstrapping file for the image ("Dockerfile") is licensed
         under the MIT License.
         
         This software may be distributed through an add-on package called
         "Docker Wrapper" that is under the BSD 3-clause License.
         #################################################################
260514-00:07:57,508 nipype.workflow IMPORTANT:
	 Building fMRIPrep's workflow:
           * BIDS dataset path: /gpfs/milgram/scratch60/turk-browne/aa2842/sandbox/auditory-object-scenes-data/objects_scenes_bids.
           * Participant list: ['pp03'].
           * Run identifier: 20260514-000745_ab10a736-3148-478d-9e74-479dcde08fba.
           * Output spaces: T1w MNI152Lin:res-native anat MNI152NLin2009cAsym:res-native.
           * Pre-run FreeSurfer's SUBJECTS_DIR: /gpfs/milgram/scratch60/turk-browne/aa2842/sandbox/auditory-object-scenes-data/objects_scenes_bids/derivatives/sourcedata/freesurfer.
260514-00:07:58,45 nipype.workflow INFO:
	 ANAT Stage 1: Adding template workflow
260514-00:07:58,735 nipype.workflow INFO:
	 ANAT Stage 2: Preparing brain extraction workflow
260514-00:07:58,813 nipype.workflow INFO:
	 ANAT Stage 3: Preparing segmentation workflow
260514-00:07:58,817 nipype.workflow INFO:
	 ANAT Stage 4: Preparing normalization workflow for ['MNI152Lin', 'MNI152NLin2009cAsym']
260514-00:07:58,841 nipype.workflow INFO:
	 ANAT Stage 5: Preparing surface reconstruction workflow
260514-00:07:58,859 nipype.workflow INFO:
	 ANAT Stage 6: Preparing mask refinement workflow
260514-00:07:58,863 nipype.workflow INFO:
	 ANAT Stage 7: Creating T2w template
260514-00:07:58,867 nipype.workflow INFO:
	 ANAT Stage 8: Creating GIFTI surfaces for ['white', 'pial', 'midthickness', 'sphere_reg', 'sphere']
260514-00:07:58,884 nipype.workflow INFO:
	 ANAT Stage 8: Creating GIFTI metrics for ['thickness', 'sulc']
260514-00:07:58,891 nipype.workflow INFO:
	 ANAT Stage 8a: Creating cortical ribbon mask
260514-00:07:58,894 nipype.workflow INFO:
	 ANAT Stage 9: Creating fsLR registration sphere
260514-00:07:58,898 nipype.workflow INFO:
	 ANAT Stage 10: Creating MSM-Sulc registration sphere
260514-00:07:59,25 nipype.workflow INFO:
	 B0 field inhomogeneity map will be estimated with the following 1 estimator(s): [<EstimatorType.PEPOLAR: 2>].
260514-00:07:59,67 nipype.workflow INFO:
	 Setting-up fieldmap "auto_00000" (EstimatorType.PEPOLAR) with <sub-pp03_dir-AP_epi.nii, sub-pp03_dir-PA_epi.nii>
260514-00:07:59,106 nipype.workflow INFO:
	 No single-band-reference found for sub-pp03_task-audlocalizer_run-01_bold.nii.
260514-00:07:59,134 nipype.workflow INFO:
	 Stage 1: Adding HMC boldref workflow
260514-00:07:59,141 nipype.workflow INFO:
	 Stage 2: Adding motion correction workflow
260514-00:07:59,149 nipype.workflow INFO:
	 Stage 3: Adding coregistration boldref workflow
260514-00:07:59,198 nipype.workflow IMPORTANT:
	 BOLD series will be slice-timing corrected to an offset of 0.69s.
260514-00:07:59,291 nipype.workflow INFO:
	 No single-band-reference found for sub-pp03_task-audlocalizer_run-03_bold.nii.
260514-00:07:59,306 nipype.workflow INFO:
	 Stage 1: Adding HMC boldref workflow
260514-00:07:59,312 nipype.workflow INFO:
	 Stage 2: Adding motion correction workflow
260514-00:07:59,316 nipype.workflow INFO:
	 Stage 3: Adding coregistration boldref workflow
260514-00:07:59,361 nipype.workflow IMPORTANT:
	 BOLD series will be slice-timing corrected to an offset of 0.69s.
260514-00:07:59,449 nipype.workflow INFO:
	 No single-band-reference found for sub-pp03_task-vislocalizer_bold.nii.
260514-00:07:59,466 nipype.workflow INFO:
	 Stage 1: Adding HMC boldref workflow
260514-00:07:59,471 nipype.workflow INFO:
	 Stage 2: Adding motion correction workflow
260514-00:07:59,476 nipype.workflow INFO:
	 Stage 3: Adding coregistration boldref workflow
260514-00:07:59,520 nipype.workflow IMPORTANT:
	 BOLD series will be slice-timing corrected to an offset of 0.691s.
260514-00:08:02,215 nipype.workflow INFO:
	 fMRIPrep workflow graph with 882 nodes built successfully.
260514-00:08:11,953 nipype.workflow IMPORTANT:
	 fMRIPrep started!
260514-00:08:19,397 nipype.workflow INFO:
	 [Node] Setting-up "fmriprep_23_2_wf.sub_pp03_wf.anat_fit_wf.brain_extraction_wf.full_wm" in "/gpfs/milgram/scratch60/turk-browne/aa2842/sandbox/auditory-object-scenes-data/bids_workdir/fmriprep_23_2_wf/sub_pp03_wf/anat_fit_wf/brain_extraction_wf/full_wm".
260514-00:08:19,415 nipype.workflow INFO:
	 [Node] Executing "full_wm" <nipype.interfaces.utility.wrappers.Function>
260514-00:08:19,417 nipype.workflow INFO:
	 [Node] Setting-up "fmriprep_23_2_wf.sub_pp03_wf.bold_task_audlocalizer_run_01_wf.bold_fit_wf.ds_hmc_boldref_wf.raw_sources" in "/gpfs/milgram/scratch60/turk-browne/aa2842/sandbox/auditory-object-scenes-data/bids_workdir/fmriprep_23_2_wf/sub_pp03_wf/bold_task_audlocalizer_run_01_wf/bold_fit_wf/ds_hmc_boldref_wf/raw_sources".
260514-00:08:19,425 nipype.workflow INFO:
	 [Node] Setting-up "fmriprep_23_2_wf.sub_pp03_wf.bold_task_audlocalizer_run_01_wf.bold_fit_wf.ds_hmc_wf.raw_sources" in "/gpfs/milgram/scratch60/turk-browne/aa2842/sandbox/auditory-object-scenes-data/bids_workdir/fmriprep_23_2_wf/sub_pp03_wf/bold_task_audlocalizer_run_01_wf/bold_fit_wf/ds_hmc_wf/raw_sources".
260514-00:08:19,425 nipype.workflow INFO:
	 [Node] Setting-up "fmriprep_23_2_wf.sub_pp03_wf.bold_task_audlocalizer_run_01_wf.bold_fit_wf.ds_fmapreg_wf.raw_sources" in "/gpfs/milgram/scratch60/turk-browne/aa2842/sandbox/auditory-object-scenes-data/bids_workdir/fmriprep_23_2_wf/sub_pp03_wf/bold_task_audlocalizer_run_01_wf/bold_fit_wf/ds_fmapreg_wf/raw_sources".
260514-00:08:19,434 nipype.workflow INFO:
	 [Node] Executing "raw_sources" <nipype.interfaces.utility.wrappers.Function>
260514-00:08:19,436 nipype.workflow INFO:
	 [Node] Setting-up "fmriprep_23_2_wf.sub_pp03_wf.bold_task_audlocalizer_run_01_wf.bold_native_wf.bold_source" in "/gpfs/milgram/scratch60/turk-browne/aa2842/sandbox/auditory-object-scenes-data/bids_workdir/fmriprep_23_2_wf/sub_pp03_wf/bold_task_audlocalizer_run_01_wf/bold_native_wf/bold_source".
260514-00:08:19,437 nipype.workflow INFO:
	 [Node] Finished "raw_sources", elapsed time 0.000436s.
260514-00:08:19,442 nipype.workflow INFO:
	 [Node] Setting-up "fmriprep_23_2_wf.sub_pp03_wf.bold_task_audlocalizer_run_01_wf.ds_bold_t1_wf.raw_sources" in "/gpfs/milgram/scratch60/turk-browne/aa2842/sandbox/auditory-object-scenes-data/bids_workdir/fmriprep_23_2_wf/sub_pp03_wf/bold_task_audlocalizer_run_01_wf/ds_bold_t1_wf/raw_sources".
260514-00:08:19,452 nipype.workflow INFO:
	 [Node] Setting-up "fmriprep_23_2_wf.sub_pp03_wf.anat_fit_wf.brain_extraction_wf.lap_tmpl" in "/gpfs/milgram/scratch60/turk-browne/aa2842/sandbox/auditory-object-scenes-data/bids_workdir/fmriprep_23_2_wf/sub_pp03_wf/anat_fit_wf/brain_extraction_wf/lap_tmpl".
260514-00:08:19,462 nipype.workflow INFO:
	 [Node] Executing "raw_sources" <nipype.interfaces.utility.wrappers.Function>
260514-00:08:19,464 nipype.workflow INFO:
	 [Node] Finished "raw_sources", elapsed time 0.000448s.
260514-00:08:19,473 nipype.workflow INFO:
	 [Node] Setting-up "fmriprep_23_2_wf.sub_pp03_wf.anat_fit_wf.brain_extraction_wf.res_tmpl" in "/gpfs/milgram/scratch60/turk-browne/aa2842/sandbox/auditory-object-scenes-data/bids_workdir/fmriprep_23_2_wf/sub_pp03_wf/anat_fit_wf/brain_extraction_wf/res_tmpl".
260514-00:08:19,484 nipype.workflow INFO:
	 [Node] Executing "raw_sources" <nipype.interfaces.utility.wrappers.Function>
260514-00:08:19,484 nipype.workflow INFO:
	 [Node] Executing "bold_source" <nipype.interfaces.utility.base.Select>
260514-00:08:19,487 nipype.workflow INFO:
	 [Node] Finished "raw_sources", elapsed time 0.000411s.
260514-00:08:19,487 nipype.workflow INFO:
	 [Node] Finished "bold_source", elapsed time 0.000284s.
260514-00:08:19,491 nipype.workflow INFO:
	 [Node] Setting-up "fmriprep_23_2_wf.sub_pp03_wf.bold_task_audlocalizer_run_01_wf.bold_fit_wf.hmc_boldref_wf.val_bold" in "/gpfs/milgram/scratch60/turk-browne/aa2842/sandbox/auditory-object-scenes-data/bids_workdir/fmriprep_23_2_wf/sub_pp03_wf/bold_task_audlocalizer_run_01_wf/bold_fit_wf/hmc_boldref_wf/val_bold".
260514-00:08:19,498 nipype.workflow INFO:
	 [Node] Setting-up "fmriprep_23_2_wf.sub_pp03_wf.bold_task_audlocalizer_run_01_wf.bold_fit_wf.hmc_boldref_wf.get_dummy" in "/gpfs/milgram/scratch60/turk-browne/aa2842/sandbox/auditory-object-scenes-data/bids_workdir/fmriprep_23_2_wf/sub_pp03_wf/bold_task_audlocalizer_run_01_wf/bold_fit_wf/hmc_boldref_wf/get_dummy".
260514-00:08:19,499 nipype.workflow INFO:
	 [Node] Setting-up "fmriprep_23_2_wf.sub_pp03_wf.bold_task_audlocalizer_run_01_wf.ds_bold_std_wf.raw_sources" in "/gpfs/milgram/scratch60/turk-browne/aa2842/sandbox/auditory-object-scenes-data/bids_workdir/fmriprep_23_2_wf/sub_pp03_wf/bold_task_audlocalizer_run_01_wf/ds_bold_std_wf/raw_sources".
260514-00:08:19,501 nipype.workflow INFO:
	 [Node] Setting-up "fmriprep_23_2_wf.sub_pp03_wf.fmap_preproc_wf.out_merge_fmap_id" in "/gpfs/milgram/scratch60/turk-browne/aa2842/sandbox/auditory-object-scenes-data/bids_workdir/fmriprep_23_2_wf/sub_pp03_wf/fmap_preproc_wf/out_merge_fmap_id".
260514-00:08:19,520 nipype.workflow INFO:
	 [Node] Setting-up "fmriprep_23_2_wf.sub_pp03_wf.fmap_preproc_wf.out_merge_method" in "/gpfs/milgram/scratch60/turk-browne/aa2842/sandbox/auditory-object-scenes-data/bids_workdir/fmriprep_23_2_wf/sub_pp03_wf/fmap_preproc_wf/out_merge_method".
260514-00:08:19,547 nipype.workflow INFO:
	 [Node] Executing "lap_tmpl" <nipype.interfaces.ants.utils.ImageMath>
260514-00:08:19,560 nipype.workflow INFO:
	 [Node] Executing "out_merge_fmap_id" <nipype.interfaces.utility.base.Merge>
260514-00:08:19,561 nipype.workflow INFO:
	 [Node] Executing "raw_sources" <nipype.interfaces.utility.wrappers.Function>
260514-00:08:19,561 nipype.workflow INFO:
	 [Node] Executing "res_tmpl" <niworkflows.interfaces.nibabel.RegridToZooms>
260514-00:08:19,561 nipype.workflow INFO:
	 [Node] Finished "out_merge_fmap_id", elapsed time 0.000153s.
260514-00:08:19,561 nipype.workflow INFO:
	 [Node] Finished "raw_sources", elapsed time 0.000357s.
260514-00:08:19,570 nipype.workflow INFO:
	 [Node] Executing "val_bold" <niworkflows.interfaces.header.ValidateImage>
260514-00:08:19,574 nipype.workflow INFO:
	 [Node] Executing "get_dummy" <niworkflows.interfaces.bold.NonsteadyStatesDetector>
260514-00:08:19,578 nipype.workflow INFO:
	 [Node] Executing "out_merge_method" <nipype.interfaces.utility.base.Merge>
260514-00:08:19,579 nipype.workflow INFO:
	 [Node] Finished "out_merge_method", elapsed time 0.000155s.
260514-00:08:19,590 nipype.workflow INFO:
	 [Node] Executing "raw_sources" <nipype.interfaces.utility.wrappers.Function>
260514-00:08:19,591 nipype.workflow INFO:
	 [Node] Finished "raw_sources", elapsed time 0.000425s.
260514-00:08:19,611 nipype.workflow INFO:
	 [Node] Setting-up "fmriprep_23_2_wf.sub_pp03_wf.bold_task_audlocalizer_run_03_wf.bold_fit_wf.hmc_boldref_wf.val_bold" in "/gpfs/milgram/scratch60/turk-browne/aa2842/sandbox/auditory-object-scenes-data/bids_workdir/fmriprep_23_2_wf/sub_pp03_wf/bold_task_audlocalizer_run_03_wf/bold_fit_wf/hmc_boldref_wf/val_bold".
260514-00:08:19,613 nipype.workflow INFO:
	 [Node] Setting-up "fmriprep_23_2_wf.sub_pp03_wf.bold_task_audlocalizer_run_03_wf.bold_fit_wf.hmc_boldref_wf.get_dummy" in "/gpfs/milgram/scratch60/turk-browne/aa2842/sandbox/auditory-object-scenes-data/bids_workdir/fmriprep_23_2_wf/sub_pp03_wf/bold_task_audlocalizer_run_03_wf/bold_fit_wf/hmc_boldref_wf/get_dummy".
260514-00:08:19,636 nipype.workflow INFO:
	 [Node] Executing "val_bold" <niworkflows.interfaces.header.ValidateImage>
260514-00:08:19,637 nipype.workflow INFO:
	 [Node] Executing "get_dummy" <niworkflows.interfaces.bold.NonsteadyStatesDetector>
260514-00:08:19,675 nipype.workflow INFO:
	 [Node] Finished "val_bold", elapsed time 0.102959s.
260514-00:08:19,702 nipype.workflow INFO:
	 [Node] Finished "val_bold", elapsed time 0.06449s.
260514-00:08:19,724 nipype.workflow INFO:
	 [Node] Setting-up "fmriprep_23_2_wf.sub_pp03_wf.bold_task_audlocalizer_run_03_wf.bold_fit_wf.ds_hmc_boldref_wf.raw_sources" in "/gpfs/milgram/scratch60/turk-browne/aa2842/sandbox/auditory-object-scenes-data/bids_workdir/fmriprep_23_2_wf/sub_pp03_wf/bold_task_audlocalizer_run_03_wf/bold_fit_wf/ds_hmc_boldref_wf/raw_sources".
260514-00:08:19,724 nipype.workflow INFO:
	 [Node] Setting-up "fmriprep_23_2_wf.sub_pp03_wf.bold_task_audlocalizer_run_03_wf.bold_fit_wf.ds_hmc_wf.raw_sources" in "/gpfs/milgram/scratch60/turk-browne/aa2842/sandbox/auditory-object-scenes-data/bids_workdir/fmriprep_23_2_wf/sub_pp03_wf/bold_task_audlocalizer_run_03_wf/bold_fit_wf/ds_hmc_wf/raw_sources".
260514-00:08:19,724 nipype.workflow INFO:
	 [Node] Setting-up "fmriprep_23_2_wf.sub_pp03_wf.bold_task_audlocalizer_run_03_wf.bold_fit_wf.ds_fmapreg_wf.raw_sources" in "/gpfs/milgram/scratch60/turk-browne/aa2842/sandbox/auditory-object-scenes-data/bids_workdir/fmriprep_23_2_wf/sub_pp03_wf/bold_task_audlocalizer_run_03_wf/bold_fit_wf/ds_fmapreg_wf/raw_sources".
260514-00:08:19,725 nipype.workflow INFO:
	 [Node] Setting-up "fmriprep_23_2_wf.sub_pp03_wf.bold_task_audlocalizer_run_03_wf.bold_native_wf.bold_source" in "/gpfs/milgram/scratch60/turk-browne/aa2842/sandbox/auditory-object-scenes-data/bids_workdir/fmriprep_23_2_wf/sub_pp03_wf/bold_task_audlocalizer_run_03_wf/bold_native_wf/bold_source".
260514-00:08:19,727 nipype.workflow INFO:
	 [Node] Executing "raw_sources" <nipype.interfaces.utility.wrappers.Function>
260514-00:08:19,727 nipype.workflow INFO:
	 [Node] Executing "raw_sources" <nipype.interfaces.utility.wrappers.Function>
260514-00:08:19,728 nipype.workflow INFO:
	 [Node] Executing "raw_sources" <nipype.interfaces.utility.wrappers.Function>
260514-00:08:19,728 nipype.workflow INFO:
	 [Node] Executing "bold_source" <nipype.interfaces.utility.base.Select>
260514-00:08:19,730 nipype.workflow INFO:
	 [Node] Finished "raw_sources", elapsed time 0.000481s.
260514-00:08:19,730 nipype.workflow INFO:
	 [Node] Finished "raw_sources", elapsed time 0.000412s.
260514-00:08:19,730 nipype.workflow INFO:
	 [Node] Finished "raw_sources", elapsed time 0.000392s.
260514-00:08:19,730 nipype.workflow INFO:
	 [Node] Finished "bold_source", elapsed time 0.000262s.
260514-00:08:19,906 nipype.workflow INFO:
	 [Node] Finished "full_wm", elapsed time 0.488231s.
260514-00:08:20,11 nipype.workflow INFO:
	 [Node] Setting-up "fmriprep_23_2_wf.sub_pp03_wf.bidssrc" in "/gpfs/milgram/scratch60/turk-browne/aa2842/sandbox/auditory-object-scenes-data/bids_workdir/fmriprep_23_2_wf/sub_pp03_wf/bidssrc".
260514-00:08:20,667 nipype.workflow INFO:
	 [Node] Executing "bidssrc" <niworkflows.interfaces.bids.BIDSDataGrabber>
260514-00:08:20,669 nipype.interface INFO:
	 No "flair" images found for sub-pp03
260514-00:08:20,669 nipype.interface INFO:
	 No "sbref" images found for sub-pp03
260514-00:08:20,669 nipype.interface INFO:
	 No "roi" images found for sub-pp03
260514-00:08:20,669 nipype.interface INFO:
	 No "pet" images found for sub-pp03
260514-00:08:20,669 nipype.interface INFO:
	 No "asl" images found for sub-pp03
260514-00:08:20,670 nipype.workflow INFO:
	 [Node] Finished "bidssrc", elapsed time 0.000544s.
260514-00:08:21,13 nipype.workflow INFO:
	 [Node] Finished "res_tmpl", elapsed time 1.447722s.
260514-00:08:21,517 nipype.workflow INFO:
	 [Node] Finished "get_dummy", elapsed time 1.877643s.
260514-00:08:21,812 nipype.workflow INFO:
	 [Node] Setting-up "fmriprep_23_2_wf.sub_pp03_wf.bold_task_audlocalizer_run_03_wf.ds_bold_t1_wf.raw_sources" in "/gpfs/milgram/scratch60/turk-browne/aa2842/sandbox/auditory-object-scenes-data/bids_workdir/fmriprep_23_2_wf/sub_pp03_wf/bold_task_audlocalizer_run_03_wf/ds_bold_t1_wf/raw_sources".
260514-00:08:21,812 nipype.workflow INFO:
	 [Node] Setting-up "fmriprep_23_2_wf.sub_pp03_wf.bold_task_audlocalizer_run_03_wf.ds_bold_std_wf.raw_sources" in "/gpfs/milgram/scratch60/turk-browne/aa2842/sandbox/auditory-object-scenes-data/bids_workdir/fmriprep_23_2_wf/sub_pp03_wf/bold_task_audlocalizer_run_03_wf/ds_bold_std_wf/raw_sources".
260514-00:08:21,814 nipype.workflow INFO:
	 [Node] Setting-up "fmriprep_23_2_wf.sub_pp03_wf.bold_task_vislocalizer_wf.bold_fit_wf.ds_hmc_boldref_wf.raw_sources" in "/gpfs/milgram/scratch60/turk-browne/aa2842/sandbox/auditory-object-scenes-data/bids_workdir/fmriprep_23_2_wf/sub_pp03_wf/bold_task_vislocalizer_wf/bold_fit_wf/ds_hmc_boldref_wf/raw_sources".
260514-00:08:21,815 nipype.workflow INFO:
	 [Node] Setting-up "fmriprep_23_2_wf.sub_pp03_wf.bold_task_vislocalizer_wf.bold_fit_wf.ds_hmc_wf.raw_sources" in "/gpfs/milgram/scratch60/turk-browne/aa2842/sandbox/auditory-object-scenes-data/bids_workdir/fmriprep_23_2_wf/sub_pp03_wf/bold_task_vislocalizer_wf/bold_fit_wf/ds_hmc_wf/raw_sources".
260514-00:08:21,815 nipype.workflow INFO:
	 [Node] Setting-up "fmriprep_23_2_wf.sub_pp03_wf.bold_task_vislocalizer_wf.bold_fit_wf.ds_fmapreg_wf.raw_sources" in "/gpfs/milgram/scratch60/turk-browne/aa2842/sandbox/auditory-object-scenes-data/bids_workdir/fmriprep_23_2_wf/sub_pp03_wf/bold_task_vislocalizer_wf/bold_fit_wf/ds_fmapreg_wf/raw_sources".
260514-00:08:21,815 nipype.workflow INFO:
	 [Node] Setting-up "fmriprep_23_2_wf.sub_pp03_wf.bold_task_vislocalizer_wf.bold_native_wf.bold_source" in "/gpfs/milgram/scratch60/turk-browne/aa2842/sandbox/auditory-object-scenes-data/bids_workdir/fmriprep_23_2_wf/sub_pp03_wf/bold_task_vislocalizer_wf/bold_native_wf/bold_source".
260514-00:08:21,815 nipype.workflow INFO:
	 [Node] Executing "raw_sources" <nipype.interfaces.utility.wrappers.Function>
260514-00:08:21,816 nipype.workflow INFO:
	 [Node] Executing "raw_sources" <nipype.interfaces.utility.wrappers.Function>
260514-00:08:21,816 nipype.workflow INFO:
	 [Node] Finished "raw_sources", elapsed time 0.000361s.
260514-00:08:21,816 nipype.workflow INFO:
	 [Node] Finished "raw_sources", elapsed time 0.000368s.
260514-00:08:21,818 nipype.workflow INFO:
	 [Node] Executing "raw_sources" <nipype.interfaces.utility.wrappers.Function>
260514-00:08:21,818 nipype.workflow INFO:
	 [Node] Executing "raw_sources" <nipype.interfaces.utility.wrappers.Function>
260514-00:08:21,818 nipype.workflow INFO:
	 [Node] Executing "bold_source" <nipype.interfaces.utility.base.Select>
260514-00:08:21,818 nipype.workflow INFO:
	 [Node] Executing "raw_sources" <nipype.interfaces.utility.wrappers.Function>
260514-00:08:21,819 nipype.workflow INFO:
	 [Node] Finished "raw_sources", elapsed time 0.000362s.
260514-00:08:21,819 nipype.workflow INFO:
	 [Node] Finished "bold_source", elapsed time 0.000204s.
260514-00:08:21,819 nipype.workflow INFO:
	 [Node] Finished "raw_sources", elapsed time 0.000372s.
260514-00:08:21,819 nipype.workflow INFO:
	 [Node] Finished "raw_sources", elapsed time 0.000391s.
260514-00:08:21,897 nipype.workflow INFO:
	 [Node] Setting-up "fmriprep_23_2_wf.sub_pp03_wf.bold_task_vislocalizer_wf.bold_fit_wf.hmc_boldref_wf.get_dummy" in "/gpfs/milgram/scratch60/turk-browne/aa2842/sandbox/auditory-object-scenes-data/bids_workdir/fmriprep_23_2_wf/sub_pp03_wf/bold_task_vislocalizer_wf/bold_fit_wf/hmc_boldref_wf/get_dummy".
260514-00:08:21,899 nipype.workflow INFO:
	 [Node] Setting-up "fmriprep_23_2_wf.sub_pp03_wf.bold_task_vislocalizer_wf.bold_fit_wf.hmc_boldref_wf.val_bold" in "/gpfs/milgram/scratch60/turk-browne/aa2842/sandbox/auditory-object-scenes-data/bids_workdir/fmriprep_23_2_wf/sub_pp03_wf/bold_task_vislocalizer_wf/bold_fit_wf/hmc_boldref_wf/val_bold".
260514-00:08:21,899 nipype.workflow INFO:
	 [Node] Executing "get_dummy" <niworkflows.interfaces.bold.NonsteadyStatesDetector>
260514-00:08:21,928 nipype.workflow INFO:
	 [Node] Executing "val_bold" <niworkflows.interfaces.header.ValidateImage>
260514-00:08:21,962 nipype.workflow INFO:
	 [Node] Setting-up "fmriprep_23_2_wf.sub_pp03_wf.bold_task_vislocalizer_wf.ds_bold_t1_wf.raw_sources" in "/gpfs/milgram/scratch60/turk-browne/aa2842/sandbox/auditory-object-scenes-data/bids_workdir/fmriprep_23_2_wf/sub_pp03_wf/bold_task_vislocalizer_wf/ds_bold_t1_wf/raw_sources".
260514-00:08:21,962 nipype.workflow INFO:
	 [Node] Setting-up "fmriprep_23_2_wf.sub_pp03_wf.bold_task_vislocalizer_wf.ds_bold_std_wf.raw_sources" in "/gpfs/milgram/scratch60/turk-browne/aa2842/sandbox/auditory-object-scenes-data/bids_workdir/fmriprep_23_2_wf/sub_pp03_wf/bold_task_vislocalizer_wf/ds_bold_std_wf/raw_sources".
260514-00:08:21,965 nipype.workflow INFO:
	 [Node] Executing "raw_sources" <nipype.interfaces.utility.wrappers.Function>
260514-00:08:21,965 nipype.workflow INFO:
	 [Node] Executing "raw_sources" <nipype.interfaces.utility.wrappers.Function>
260514-00:08:21,966 nipype.workflow INFO:
	 [Node] Finished "raw_sources", elapsed time 0.000381s.
260514-00:08:21,966 nipype.workflow INFO:
	 [Node] Finished "raw_sources", elapsed time 0.00036s.
260514-00:08:21,998 nipype.workflow INFO:
	 [Node] Finished "get_dummy", elapsed time 2.422059s.
260514-00:08:22,924 nipype.workflow INFO:
	 [Node] Setting-up "fmriprep_23_2_wf.sub_pp03_wf.anat_fit_wf.anat_template_wf.anat_ref_dimensions" in "/gpfs/milgram/scratch60/turk-browne/aa2842/sandbox/auditory-object-scenes-data/bids_workdir/fmriprep_23_2_wf/sub_pp03_wf/anat_fit_wf/anat_template_wf/anat_ref_dimensions".
260514-00:08:22,925 nipype.workflow INFO:
	 [Node] Setting-up "fmriprep_23_2_wf.sub_pp03_wf.anat_fit_wf.t2w_template_wf.anat_ref_dimensions" in "/gpfs/milgram/scratch60/turk-browne/aa2842/sandbox/auditory-object-scenes-data/bids_workdir/fmriprep_23_2_wf/sub_pp03_wf/anat_fit_wf/t2w_template_wf/anat_ref_dimensions".
260514-00:08:22,928 nipype.workflow INFO:
	 [Node] Executing "anat_ref_dimensions" <niworkflows.interfaces.images.TemplateDimensions>
260514-00:08:23,57 nipype.workflow INFO:
	 [Node] Finished "anat_ref_dimensions", elapsed time 0.128811s.
260514-00:08:23,241 nipype.workflow INFO:
	 [Node] Setting-up "fmriprep_23_2_wf.sub_pp03_wf.bold_task_audlocalizer_run_01_wf.bold_native_wf.validate_bold" in "/gpfs/milgram/scratch60/turk-browne/aa2842/sandbox/auditory-object-scenes-data/bids_workdir/fmriprep_23_2_wf/sub_pp03_wf/bold_task_audlocalizer_run_01_wf/bold_native_wf/validate_bold".
260514-00:08:23,245 nipype.workflow INFO:
	 [Node] Executing "validate_bold" <niworkflows.interfaces.header.ValidateImage>
260514-00:08:23,281 nipype.workflow INFO:
	 [Node] Finished "validate_bold", elapsed time 0.034208s.
260514-00:08:23,495 nipype.workflow INFO:
	 [Node] Finished "val_bold", elapsed time 1.566263s.
260514-00:08:23,544 nipype.workflow INFO:
	 [Node] Executing "anat_ref_dimensions" <niworkflows.interfaces.images.TemplateDimensions>
260514-00:08:23,583 nipype.workflow INFO:
	 [Node] Finished "anat_ref_dimensions", elapsed time 0.03878s.
260514-00:08:23,668 nipype.workflow INFO:
	 [Node] Setting-up "fmriprep_23_2_wf.sub_pp03_wf.bids_info" in "/gpfs/milgram/scratch60/turk-browne/aa2842/sandbox/auditory-object-scenes-data/bids_workdir/fmriprep_23_2_wf/sub_pp03_wf/bids_info".
260514-00:08:23,672 nipype.workflow INFO:
	 [Node] Executing "bids_info" <niworkflows.interfaces.bids.BIDSInfo>
260514-00:08:23,677 nipype.workflow INFO:
	 [Node] Finished "bids_info", elapsed time 0.004701s.
260514-00:08:23,754 nipype.workflow INFO:
	 [Node] Setting-up "fmriprep_23_2_wf.sub_pp03_wf.bold_task_audlocalizer_run_01_wf.bold_fit_wf.hmc_boldref_wf.gen_avg" in "/gpfs/milgram/scratch60/turk-browne/aa2842/sandbox/auditory-object-scenes-data/bids_workdir/fmriprep_23_2_wf/sub_pp03_wf/bold_task_audlocalizer_run_01_wf/bold_fit_wf/hmc_boldref_wf/gen_avg".
260514-00:08:23,764 nipype.workflow INFO:
	 [Node] Executing "gen_avg" <niworkflows.interfaces.images.RobustAverage>
260514-00:08:24,24 nipype.workflow INFO:
	 [Node] Setting-up "fmriprep_23_2_wf.sub_pp03_wf.bold_task_audlocalizer_run_03_wf.bold_fit_wf.hmc_boldref_wf.gen_avg" in "/gpfs/milgram/scratch60/turk-browne/aa2842/sandbox/auditory-object-scenes-data/bids_workdir/fmriprep_23_2_wf/sub_pp03_wf/bold_task_audlocalizer_run_03_wf/bold_fit_wf/hmc_boldref_wf/gen_avg".
260514-00:08:24,41 nipype.workflow INFO:
	 [Node] Executing "gen_avg" <niworkflows.interfaces.images.RobustAverage>
260514-00:08:24,88 nipype.workflow INFO:
	 [Node] Setting-up "fmriprep_23_2_wf.sub_pp03_wf.bold_task_audlocalizer_run_03_wf.bold_native_wf.validate_bold" in "/gpfs/milgram/scratch60/turk-browne/aa2842/sandbox/auditory-object-scenes-data/bids_workdir/fmriprep_23_2_wf/sub_pp03_wf/bold_task_audlocalizer_run_03_wf/bold_native_wf/validate_bold".
260514-00:08:24,91 nipype.workflow INFO:
	 [Node] Executing "validate_bold" <niworkflows.interfaces.header.ValidateImage>
260514-00:08:24,99 nipype.workflow INFO:
	 [Node] Finished "validate_bold", elapsed time 0.007378s.
260514-00:08:24,326 nipype.workflow INFO:
	 [Node] Setting-up "fmriprep_23_2_wf.sub_pp03_wf.bold_task_vislocalizer_wf.bold_native_wf.validate_bold" in "/gpfs/milgram/scratch60/turk-browne/aa2842/sandbox/auditory-object-scenes-data/bids_workdir/fmriprep_23_2_wf/sub_pp03_wf/bold_task_vislocalizer_wf/bold_native_wf/validate_bold".
260514-00:08:24,329 nipype.workflow INFO:
	 [Node] Executing "validate_bold" <niworkflows.interfaces.header.ValidateImage>
260514-00:08:24,593 nipype.workflow INFO:
	 [Node] Finished "get_dummy", elapsed time 2.692497s.
260514-00:08:25,184 nipype.workflow INFO:
	 [Node] Finished "validate_bold", elapsed time 0.854019s.
260514-00:08:25,518 nipype.interface INFO:
	 stderr 2026-05-14T00:08:25.518321:++ 3dvolreg: AFNI version=AFNI_24.0.10 (Mar  5 2024) [64-bit]
260514-00:08:25,518 nipype.interface INFO:
	 stderr 2026-05-14T00:08:25.518295:++ 3dvolreg: AFNI version=AFNI_24.0.10 (Mar  5 2024) [64-bit]
260514-00:08:25,518 nipype.interface INFO:
	 stderr 2026-05-14T00:08:25.518321:++ Authored by: RW Cox
260514-00:08:25,518 nipype.interface INFO:
	 stderr 2026-05-14T00:08:25.518295:++ Authored by: RW Cox
260514-00:08:25,552 nipype.interface INFO:
	 stderr 2026-05-14T00:08:25.552646:** AFNI converts NIFTI_datatype=4 (INT16) in file /gpfs/milgram/scratch60/turk-browne/aa2842/sandbox/auditory-object-scenes-data/bids_workdir/fmriprep_23_2_wf/sub_pp03_wf/bold_task_audlocalizer_run_01_wf/bold_fit_wf/hmc_boldref_wf/gen_avg/sub-pp03_task-audlocalizer_run-01_bold_sliced.nii to FLOAT32
260514-00:08:25,552 nipype.interface INFO:
	 stderr 2026-05-14T00:08:25.552709:     Warnings of this type will be muted for this session.
260514-00:08:25,553 nipype.interface INFO:
	 stderr 2026-05-14T00:08:25.552709:     Set AFNI_NIFTI_TYPE_WARN to YES to see them all, NO to see none.
260514-00:08:25,553 nipype.interface INFO:
	 stderr 2026-05-14T00:08:25.553042:** AFNI converts NIFTI_datatype=4 (INT16) in file /gpfs/milgram/scratch60/turk-browne/aa2842/sandbox/auditory-object-scenes-data/bids_workdir/fmriprep_23_2_wf/sub_pp03_wf/bold_task_audlocalizer_run_03_wf/bold_fit_wf/hmc_boldref_wf/gen_avg/sub-pp03_task-audlocalizer_run-03_bold_sliced.nii to FLOAT32
260514-00:08:25,553 nipype.interface INFO:
	 stderr 2026-05-14T00:08:25.553042:     Warnings of this type will be muted for this session.
260514-00:08:25,553 nipype.interface INFO:
	 stderr 2026-05-14T00:08:25.553042:     Set AFNI_NIFTI_TYPE_WARN to YES to see them all, NO to see none.
260514-00:08:25,558 nipype.interface INFO:
	 stderr 2026-05-14T00:08:25.558501:[7m*+ WARNING:[0m   If you are performing spatial transformations on an oblique dset,
260514-00:08:25,558 nipype.interface INFO:
	 stderr 2026-05-14T00:08:25.558501:  such as /gpfs/milgram/scratch60/turk-browne/aa2842/sandbox/auditory-object-scenes-data/bids_workdir/fmriprep_23_2_wf/sub_pp03_wf/bold_task_audlocalizer_run_01_wf/bold_fit_wf/hmc_boldref_wf/gen_avg/sub-pp03_task-audlocalizer_run-01_bold_sliced.nii,
260514-00:08:25,558 nipype.interface INFO:
	 stderr 2026-05-14T00:08:25.558505:[7m*+ WARNING:[0m   If you are performing spatial transformations on an oblique dset,
260514-00:08:25,558 nipype.interface INFO:
	 stderr 2026-05-14T00:08:25.558501:  or viewing/combining it with volumes of differing obliquity,
260514-00:08:25,558 nipype.interface INFO:
	 stderr 2026-05-14T00:08:25.558505:  such as /gpfs/milgram/scratch60/turk-browne/aa2842/sandbox/auditory-object-scenes-data/bids_workdir/fmriprep_23_2_wf/sub_pp03_wf/bold_task_audlocalizer_run_03_wf/bold_fit_wf/hmc_boldref_wf/gen_avg/sub-pp03_task-audlocalizer_run-03_bold_sliced.nii,
260514-00:08:25,558 nipype.interface INFO:
	 stderr 2026-05-14T00:08:25.558501:  you should consider running: 
260514-00:08:25,558 nipype.interface INFO:
	 stderr 2026-05-14T00:08:25.558505:  or viewing/combining it with volumes of differing obliquity,
260514-00:08:25,558 nipype.interface INFO:
	 stderr 2026-05-14T00:08:25.558501:     3dWarp -deoblique 
260514-00:08:25,558 nipype.interface INFO:
	 stderr 2026-05-14T00:08:25.558505:  you should consider running: 
260514-00:08:25,558 nipype.interface INFO:
	 stderr 2026-05-14T00:08:25.558501:  on this and  other oblique datasets in the same session.
260514-00:08:25,558 nipype.interface INFO:
	 stderr 2026-05-14T00:08:25.558505:     3dWarp -deoblique 
260514-00:08:25,558 nipype.interface INFO:
	 stderr 2026-05-14T00:08:25.558501: See 3dWarp -help for details.
260514-00:08:25,558 nipype.interface INFO:
	 stderr 2026-05-14T00:08:25.558505:  on this and  other oblique datasets in the same session.
260514-00:08:25,558 nipype.interface INFO:
	 stderr 2026-05-14T00:08:25.558501:++ Oblique dataset:/gpfs/milgram/scratch60/turk-browne/aa2842/sandbox/auditory-object-scenes-data/bids_workdir/fmriprep_23_2_wf/sub_pp03_wf/bold_task_audlocalizer_run_01_wf/bold_fit_wf/hmc_boldref_wf/gen_avg/sub-pp03_task-audlocalizer_run-01_bold_sliced.nii is 1.866659 degrees from plumb.
260514-00:08:25,558 nipype.interface INFO:
	 stderr 2026-05-14T00:08:25.558505: See 3dWarp -help for details.
260514-00:08:25,558 nipype.interface INFO:
	 stderr 2026-05-14T00:08:25.558505:++ Oblique dataset:/gpfs/milgram/scratch60/turk-browne/aa2842/sandbox/auditory-object-scenes-data/bids_workdir/fmriprep_23_2_wf/sub_pp03_wf/bold_task_audlocalizer_run_03_wf/bold_fit_wf/hmc_boldref_wf/gen_avg/sub-pp03_task-audlocalizer_run-03_bold_sliced.nii is 1.866659 degrees from plumb.
260514-00:08:25,559 nipype.interface INFO:
	 stderr 2026-05-14T00:08:25.559185:++ Coarse del was 10, replaced with 9
260514-00:08:25,559 nipype.interface INFO:
	 stderr 2026-05-14T00:08:25.559187:++ Coarse del was 10, replaced with 9
260514-00:08:26,457 nipype.workflow INFO:
	 [Node] Setting-up "_denoise0" in "/gpfs/milgram/scratch60/turk-browne/aa2842/sandbox/auditory-object-scenes-data/bids_workdir/fmriprep_23_2_wf/sub_pp03_wf/anat_fit_wf/anat_template_wf/denoise/mapflow/_denoise0".
260514-00:08:26,460 nipype.workflow INFO:
	 [Node] Executing "_denoise0" <nipype.interfaces.ants.segmentation.DenoiseImage>
260514-00:08:26,589 nipype.workflow INFO:
	 [Node] Setting-up "fmriprep_23_2_wf.sub_pp03_wf.bold_task_vislocalizer_wf.bold_fit_wf.hmc_boldref_wf.gen_avg" in "/gpfs/milgram/scratch60/turk-browne/aa2842/sandbox/auditory-object-scenes-data/bids_workdir/fmriprep_23_2_wf/sub_pp03_wf/bold_task_vislocalizer_wf/bold_fit_wf/hmc_boldref_wf/gen_avg".
260514-00:08:26,608 nipype.workflow INFO:
	 [Node] Executing "gen_avg" <niworkflows.interfaces.images.RobustAverage>
260514-00:08:26,793 nipype.workflow INFO:
	 [Node] Setting-up "fmriprep_23_2_wf.sub_pp03_wf.anat_fit_wf.fs_isrunning" in "/gpfs/milgram/scratch60/turk-browne/aa2842/sandbox/auditory-object-scenes-data/bids_workdir/fmriprep_23_2_wf/sub_pp03_wf/anat_fit_wf/fs_isrunning".
260514-00:08:26,793 nipype.workflow INFO:
	 [Node] Setting-up "fmriprep_23_2_wf.sub_pp03_wf.anat_fit_wf.ds_t1w_mask_wf.raw_sources" in "/gpfs/milgram/scratch60/turk-browne/aa2842/sandbox/auditory-object-scenes-data/bids_workdir/fmriprep_23_2_wf/sub_pp03_wf/anat_fit_wf/ds_t1w_mask_wf/raw_sources".
260514-00:08:26,794 nipype.workflow INFO:
	 [Node] Setting-up "fmriprep_23_2_wf.sub_pp03_wf.anat_fit_wf.ds_ribbon_mask_wf.raw_sources" in "/gpfs/milgram/scratch60/turk-browne/aa2842/sandbox/auditory-object-scenes-data/bids_workdir/fmriprep_23_2_wf/sub_pp03_wf/anat_fit_wf/ds_ribbon_mask_wf/raw_sources".
260514-00:08:26,801 nipype.workflow INFO:
	 [Node] Executing "raw_sources" <nipype.interfaces.utility.wrappers.Function>
260514-00:08:26,802 nipype.workflow INFO:
	 [Node] Finished "raw_sources", elapsed time 0.000345s.
260514-00:08:26,903 nipype.workflow INFO:
	 [Node] Executing "raw_sources" <nipype.interfaces.utility.wrappers.Function>
260514-00:08:26,904 nipype.workflow INFO:
	 [Node] Finished "raw_sources", elapsed time 0.000362s.
260514-00:08:27,575 nipype.workflow INFO:
	 [Node] Executing "fs_isrunning" <nipype.interfaces.utility.wrappers.Function>
260514-00:08:27,576 nipype.workflow INFO:
	 [Node] Finished "fs_isrunning", elapsed time 0.000454s.
260514-00:08:27,712 nipype.interface INFO:
	 stderr 2026-05-14T00:08:27.712034:++ 3dvolreg: AFNI version=AFNI_24.0.10 (Mar  5 2024) [64-bit]
260514-00:08:27,712 nipype.interface INFO:
	 stderr 2026-05-14T00:08:27.712034:++ Authored by: RW Cox
260514-00:08:27,712 nipype.interface INFO:
	 stderr 2026-05-14T00:08:27.712343:** AFNI converts NIFTI_datatype=4 (INT16) in file /gpfs/milgram/scratch60/turk-browne/aa2842/sandbox/auditory-object-scenes-data/bids_workdir/fmriprep_23_2_wf/sub_pp03_wf/bold_task_vislocalizer_wf/bold_fit_wf/hmc_boldref_wf/gen_avg/sub-pp03_task-vislocalizer_bold_valid_sliced.nii to FLOAT32
260514-00:08:27,712 nipype.interface INFO:
	 stderr 2026-05-14T00:08:27.712343:     Warnings of this type will be muted for this session.
260514-00:08:27,712 nipype.interface INFO:
	 stderr 2026-05-14T00:08:27.712343:     Set AFNI_NIFTI_TYPE_WARN to YES to see them all, NO to see none.
260514-00:08:27,712 nipype.interface INFO:
	 stderr 2026-05-14T00:08:27.712622:[7m*+ WARNING:[0m   If you are performing spatial transformations on an oblique dset,
260514-00:08:27,712 nipype.interface INFO:
	 stderr 2026-05-14T00:08:27.712622:  such as /gpfs/milgram/scratch60/turk-browne/aa2842/sandbox/auditory-object-scenes-data/bids_workdir/fmriprep_23_2_wf/sub_pp03_wf/bold_task_vislocalizer_wf/bold_fit_wf/hmc_boldref_wf/gen_avg/sub-pp03_task-vislocalizer_bold_valid_sliced.nii,
260514-00:08:27,712 nipype.interface INFO:
	 stderr 2026-05-14T00:08:27.712622:  or viewing/combining it with volumes of differing obliquity,
260514-00:08:27,712 nipype.interface INFO:
	 stderr 2026-05-14T00:08:27.712622:  you should consider running: 
260514-00:08:27,712 nipype.interface INFO:
	 stderr 2026-05-14T00:08:27.712622:     3dWarp -deoblique 
260514-00:08:27,712 nipype.interface INFO:
	 stderr 2026-05-14T00:08:27.712622:  on this and  other oblique datasets in the same session.
260514-00:08:27,712 nipype.interface INFO:
	 stderr 2026-05-14T00:08:27.712622: See 3dWarp -help for details.
260514-00:08:27,713 nipype.interface INFO:
	 stderr 2026-05-14T00:08:27.712622:++ Oblique dataset:/gpfs/milgram/scratch60/turk-browne/aa2842/sandbox/auditory-object-scenes-data/bids_workdir/fmriprep_23_2_wf/sub_pp03_wf/bold_task_vislocalizer_wf/bold_fit_wf/hmc_boldref_wf/gen_avg/sub-pp03_task-vislocalizer_bold_valid_sliced.nii is 1.221573 degrees from plumb.
260514-00:08:27,713 nipype.interface INFO:
	 stderr 2026-05-14T00:08:27.713026:++ Coarse del was 10, replaced with 9
260514-00:08:28,260 nipype.workflow INFO:
	 [Node] Setting-up "fmriprep_23_2_wf.sub_pp03_wf.bold_task_audlocalizer_run_01_wf.bold_native_wf.bold_stc_wf.slice_timing_correction" in "/gpfs/milgram/scratch60/turk-browne/aa2842/sandbox/auditory-object-scenes-data/bids_workdir/fmriprep_23_2_wf/sub_pp03_wf/bold_task_audlocalizer_run_01_wf/bold_native_wf/bold_stc_wf/slice_timing_correction".
260514-00:08:28,268 nipype.workflow INFO:
	 [Node] Executing "slice_timing_correction" <fmriprep.workflows.bold.stc.TShift>
260514-00:08:28,542 nipype.workflow INFO:
	 [Node] Finished "lap_tmpl", elapsed time 8.789697s.
260514-00:08:30,505 nipype.workflow INFO:
	 [Node] Setting-up "fmriprep_23_2_wf.sub_pp03_wf.bold_task_audlocalizer_run_03_wf.bold_native_wf.bold_stc_wf.slice_timing_correction" in "/gpfs/milgram/scratch60/turk-browne/aa2842/sandbox/auditory-object-scenes-data/bids_workdir/fmriprep_23_2_wf/sub_pp03_wf/bold_task_audlocalizer_run_03_wf/bold_native_wf/bold_stc_wf/slice_timing_correction".
260514-00:08:30,511 nipype.workflow INFO:
	 [Node] Executing "slice_timing_correction" <fmriprep.workflows.bold.stc.TShift>
260514-00:08:30,524 nipype.workflow INFO:
	 [Node] Setting-up "fmriprep_23_2_wf.sub_pp03_wf.anat_fit_wf.brain_extraction_wf.mrg_tmpl" in "/gpfs/milgram/scratch60/turk-browne/aa2842/sandbox/auditory-object-scenes-data/bids_workdir/fmriprep_23_2_wf/sub_pp03_wf/anat_fit_wf/brain_extraction_wf/mrg_tmpl".
260514-00:08:30,546 nipype.workflow INFO:
	 [Node] Executing "mrg_tmpl" <nipype.interfaces.utility.base.Merge>
260514-00:08:30,546 nipype.workflow INFO:
	 [Node] Finished "mrg_tmpl", elapsed time 0.00022s.
260514-00:08:30,547 nipype.workflow INFO:
	 [Node] Setting-up "fmriprep_23_2_wf.sub_pp03_wf.bold_task_vislocalizer_wf.bold_native_wf.bold_stc_wf.slice_timing_correction" in "/gpfs/milgram/scratch60/turk-browne/aa2842/sandbox/auditory-object-scenes-data/bids_workdir/fmriprep_23_2_wf/sub_pp03_wf/bold_task_vislocalizer_wf/bold_native_wf/bold_stc_wf/slice_timing_correction".
260514-00:08:30,561 nipype.workflow INFO:
	 [Node] Executing "slice_timing_correction" <fmriprep.workflows.bold.stc.TShift>
260514-00:09:10,725 nipype.workflow INFO:
	 [Node] Finished "slice_timing_correction", elapsed time 40.213119s.
260514-00:09:12,572 nipype.workflow INFO:
	 [Node] Setting-up "fmriprep_23_2_wf.sub_pp03_wf.bold_task_audlocalizer_run_03_wf.bold_native_wf.bold_stc_wf.copy_xform" in "/gpfs/milgram/scratch60/turk-browne/aa2842/sandbox/auditory-object-scenes-data/bids_workdir/fmriprep_23_2_wf/sub_pp03_wf/bold_task_audlocalizer_run_03_wf/bold_native_wf/bold_stc_wf/copy_xform".
260514-00:09:13,833 nipype.workflow INFO:
	 [Node] Executing "copy_xform" <niworkflows.interfaces.header.CopyXForm>
260514-00:09:22,491 nipype.workflow INFO:
	 [Node] Finished "copy_xform", elapsed time 8.657423s.
260514-00:09:31,589 nipype.interface INFO:
	 stderr 2026-05-14T00:09:31.589137:++ Max displacement in automask = 0.43 (mm) at sub-brick 13
260514-00:09:31,589 nipype.interface INFO:
	 stderr 2026-05-14T00:09:31.589137:++ Max delta displ  in automask = 0.54 (mm) at sub-brick 9
260514-00:09:34,667 nipype.interface INFO:
	 stderr 2026-05-14T00:09:34.667149:++ Max displacement in automask = 0.99 (mm) at sub-brick 16
260514-00:09:34,667 nipype.interface INFO:
	 stderr 2026-05-14T00:09:34.667149:++ Max delta displ  in automask = 0.32 (mm) at sub-brick 17
260514-00:09:35,51 nipype.interface INFO:
	 stderr 2026-05-14T00:09:35.051637:++ Max displacement in automask = 0.22 (mm) at sub-brick 18
260514-00:09:35,52 nipype.interface INFO:
	 stderr 2026-05-14T00:09:35.051637:++ Max delta displ  in automask = 0.22 (mm) at sub-brick 19
260514-00:09:38,764 nipype.workflow INFO:
	 [Node] Finished "gen_avg", elapsed time 75.000031s.
260514-00:09:40,605 nipype.workflow INFO:
	 [Node] Setting-up "fmriprep_23_2_wf.sub_pp03_wf.bold_task_audlocalizer_run_01_wf.bold_fit_wf.fmapref_buffer" in "/gpfs/milgram/scratch60/turk-browne/aa2842/sandbox/auditory-object-scenes-data/bids_workdir/fmriprep_23_2_wf/sub_pp03_wf/bold_task_audlocalizer_run_01_wf/bold_fit_wf/fmapref_buffer".
260514-00:09:40,612 nipype.workflow INFO:
	 [Node] Executing "fmapref_buffer" <nipype.interfaces.utility.wrappers.Function>
260514-00:09:40,613 nipype.workflow INFO:
	 [Node] Finished "fmapref_buffer", elapsed time 0.000445s.
260514-00:09:40,617 nipype.interface WARNING:
	 Changing /gpfs/milgram/scratch60/turk-browne/aa2842/sandbox/auditory-object-scenes-data/objects_scenes_bids/derivatives/sub-pp03/func/sub-pp03_task-audlocalizer_run-01_desc-hmc_boldref.nii.gz dtype from int16 to float32
260514-00:09:41,126 nipype.workflow INFO:
	 [Node] Setting-up "fmriprep_23_2_wf.sub_pp03_wf.bold_task_audlocalizer_run_01_wf.bold_fit_wf.bold_hmc_wf.mcflirt" in "/gpfs/milgram/scratch60/turk-browne/aa2842/sandbox/auditory-object-scenes-data/bids_workdir/fmriprep_23_2_wf/sub_pp03_wf/bold_task_audlocalizer_run_01_wf/bold_fit_wf/bold_hmc_wf/mcflirt".
260514-00:09:41,136 nipype.workflow INFO:
	 [Node] Executing "mcflirt" <nipype.interfaces.fsl.preprocess.MCFLIRT>
260514-00:09:41,722 nipype.workflow INFO:
	 [Node] Finished "gen_avg", elapsed time 77.681076s.
260514-00:09:42,173 nipype.workflow INFO:
	 [Node] Finished "gen_avg", elapsed time 75.565266s.
260514-00:09:42,624 nipype.workflow INFO:
	 [Node] Setting-up "fmriprep_23_2_wf.sub_pp03_wf.bold_task_audlocalizer_run_03_wf.bold_fit_wf.fmapref_buffer" in "/gpfs/milgram/scratch60/turk-browne/aa2842/sandbox/auditory-object-scenes-data/bids_workdir/fmriprep_23_2_wf/sub_pp03_wf/bold_task_audlocalizer_run_03_wf/bold_fit_wf/fmapref_buffer".
260514-00:09:42,756 nipype.interface WARNING:
	 Changing /gpfs/milgram/scratch60/turk-browne/aa2842/sandbox/auditory-object-scenes-data/objects_scenes_bids/derivatives/sub-pp03/func/sub-pp03_task-audlocalizer_run-03_desc-hmc_boldref.nii.gz dtype from int16 to float32
260514-00:09:42,909 nipype.workflow INFO:
	 [Node] Executing "fmapref_buffer" <nipype.interfaces.utility.wrappers.Function>
260514-00:09:42,910 nipype.workflow INFO:
	 [Node] Finished "fmapref_buffer", elapsed time 0.000635s.
260514-00:09:43,274 nipype.workflow INFO:
	 [Node] Setting-up "fmriprep_23_2_wf.sub_pp03_wf.bold_task_vislocalizer_wf.bold_fit_wf.fmapref_buffer" in "/gpfs/milgram/scratch60/turk-browne/aa2842/sandbox/auditory-object-scenes-data/bids_workdir/fmriprep_23_2_wf/sub_pp03_wf/bold_task_vislocalizer_wf/bold_fit_wf/fmapref_buffer".
260514-00:09:43,278 nipype.workflow INFO:
	 [Node] Executing "fmapref_buffer" <nipype.interfaces.utility.wrappers.Function>
260514-00:09:43,279 nipype.workflow INFO:
	 [Node] Finished "fmapref_buffer", elapsed time 0.000911s.
260514-00:09:43,286 nipype.interface WARNING:
	 Changing /gpfs/milgram/scratch60/turk-browne/aa2842/sandbox/auditory-object-scenes-data/objects_scenes_bids/derivatives/sub-pp03/func/sub-pp03_task-vislocalizer_desc-hmc_boldref.nii.gz dtype from int16 to float32
260514-00:09:43,364 nipype.workflow INFO:
	 [Node] Setting-up "fmriprep_23_2_wf.sub_pp03_wf.bold_task_audlocalizer_run_03_wf.bold_fit_wf.bold_hmc_wf.mcflirt" in "/gpfs/milgram/scratch60/turk-browne/aa2842/sandbox/auditory-object-scenes-data/bids_workdir/fmriprep_23_2_wf/sub_pp03_wf/bold_task_audlocalizer_run_03_wf/bold_fit_wf/bold_hmc_wf/mcflirt".
260514-00:09:43,372 nipype.workflow INFO:
	 [Node] Executing "mcflirt" <nipype.interfaces.fsl.preprocess.MCFLIRT>
260514-00:09:43,717 nipype.workflow INFO:
	 [Node] Setting-up "fmriprep_23_2_wf.sub_pp03_wf.bold_task_audlocalizer_run_01_wf.bold_fit_wf.ds_coreg_boldref_wf.raw_sources" in "/gpfs/milgram/scratch60/turk-browne/aa2842/sandbox/auditory-object-scenes-data/bids_workdir/fmriprep_23_2_wf/sub_pp03_wf/bold_task_audlocalizer_run_01_wf/bold_fit_wf/ds_coreg_boldref_wf/raw_sources".
260514-00:09:43,721 nipype.workflow INFO:
	 [Node] Executing "raw_sources" <nipype.interfaces.utility.wrappers.Function>
260514-00:09:43,722 nipype.workflow INFO:
	 [Node] Finished "raw_sources", elapsed time 0.000359s.
260514-00:09:43,766 nipype.workflow INFO:
	 [Node] Setting-up "fmriprep_23_2_wf.sub_pp03_wf.bold_task_vislocalizer_wf.bold_fit_wf.bold_hmc_wf.mcflirt" in "/gpfs/milgram/scratch60/turk-browne/aa2842/sandbox/auditory-object-scenes-data/bids_workdir/fmriprep_23_2_wf/sub_pp03_wf/bold_task_vislocalizer_wf/bold_fit_wf/bold_hmc_wf/mcflirt".
260514-00:09:43,779 nipype.workflow INFO:
	 [Node] Executing "mcflirt" <nipype.interfaces.fsl.preprocess.MCFLIRT>
260514-00:09:44,601 nipype.workflow INFO:
	 [Node] Setting-up "fmriprep_23_2_wf.sub_pp03_wf.bold_task_audlocalizer_run_03_wf.bold_fit_wf.ds_coreg_boldref_wf.raw_sources" in "/gpfs/milgram/scratch60/turk-browne/aa2842/sandbox/auditory-object-scenes-data/bids_workdir/fmriprep_23_2_wf/sub_pp03_wf/bold_task_audlocalizer_run_03_wf/bold_fit_wf/ds_coreg_boldref_wf/raw_sources".
260514-00:09:44,601 nipype.workflow INFO:
	 [Node] Setting-up "fmriprep_23_2_wf.sub_pp03_wf.bold_task_vislocalizer_wf.bold_fit_wf.ds_coreg_boldref_wf.raw_sources" in "/gpfs/milgram/scratch60/turk-browne/aa2842/sandbox/auditory-object-scenes-data/bids_workdir/fmriprep_23_2_wf/sub_pp03_wf/bold_task_vislocalizer_wf/bold_fit_wf/ds_coreg_boldref_wf/raw_sources".
260514-00:09:44,605 nipype.workflow INFO:
	 [Node] Executing "raw_sources" <nipype.interfaces.utility.wrappers.Function>
260514-00:09:44,605 nipype.workflow INFO:
	 [Node] Executing "raw_sources" <nipype.interfaces.utility.wrappers.Function>
260514-00:09:44,606 nipype.workflow INFO:
	 [Node] Finished "raw_sources", elapsed time 0.000374s.
260514-00:09:44,606 nipype.workflow INFO:
	 [Node] Finished "raw_sources", elapsed time 0.000364s.
260514-00:09:45,6 nipype.workflow INFO:
	 [Node] Finished "slice_timing_correction", elapsed time 76.736707s.
260514-00:09:46,606 nipype.workflow INFO:
	 [Node] Setting-up "fmriprep_23_2_wf.sub_pp03_wf.bold_task_audlocalizer_run_01_wf.bold_native_wf.bold_stc_wf.copy_xform" in "/gpfs/milgram/scratch60/turk-browne/aa2842/sandbox/auditory-object-scenes-data/bids_workdir/fmriprep_23_2_wf/sub_pp03_wf/bold_task_audlocalizer_run_01_wf/bold_native_wf/bold_stc_wf/copy_xform".
260514-00:09:46,610 nipype.workflow INFO:
	 [Node] Executing "copy_xform" <niworkflows.interfaces.header.CopyXForm>
260514-00:09:48,832 nipype.workflow INFO:
	 [Node] Finished "_denoise0", elapsed time 82.256978s.
260514-00:09:50,614 nipype.workflow INFO:
	 [Node] Setting-up "_anat_conform0" in "/gpfs/milgram/scratch60/turk-browne/aa2842/sandbox/auditory-object-scenes-data/bids_workdir/fmriprep_23_2_wf/sub_pp03_wf/anat_fit_wf/anat_template_wf/anat_conform/mapflow/_anat_conform0".
260514-00:09:50,617 nipype.workflow INFO:
	 [Node] Executing "_anat_conform0" <niworkflows.interfaces.images.Conform>
260514-00:09:50,625 nipype.workflow INFO:
	 [Node] Finished "_anat_conform0", elapsed time 0.00826s.
260514-00:09:50,638 nipype.workflow INFO:
	 [Node] Setting-up "_denoise0" in "/gpfs/milgram/scratch60/turk-browne/aa2842/sandbox/auditory-object-scenes-data/bids_workdir/fmriprep_23_2_wf/sub_pp03_wf/anat_fit_wf/t2w_template_wf/denoise/mapflow/_denoise0".
260514-00:09:50,641 nipype.workflow INFO:
	 [Node] Executing "_denoise0" <nipype.interfaces.ants.segmentation.DenoiseImage>
260514-00:09:52,613 nipype.workflow INFO:
	 [Node] Setting-up "fmriprep_23_2_wf.sub_pp03_wf.anat_fit_wf.anat_template_wf.get1st" in "/gpfs/milgram/scratch60/turk-browne/aa2842/sandbox/auditory-object-scenes-data/bids_workdir/fmriprep_23_2_wf/sub_pp03_wf/anat_fit_wf/anat_template_wf/get1st".
260514-00:09:52,616 nipype.workflow INFO:
	 [Node] Executing "get1st" <nipype.interfaces.utility.base.Select>
260514-00:09:52,617 nipype.workflow INFO:
	 [Node] Finished "get1st", elapsed time 0.000208s.
260514-00:09:56,617 nipype.workflow INFO:
	 [Node] Setting-up "fmriprep_23_2_wf.sub_pp03_wf.anat_fit_wf.surface_recon_wf.fov_check" in "/gpfs/milgram/scratch60/turk-browne/aa2842/sandbox/auditory-object-scenes-data/bids_workdir/fmriprep_23_2_wf/sub_pp03_wf/anat_fit_wf/surface_recon_wf/fov_check".
260514-00:09:56,636 nipype.workflow INFO:
	 [Node] Executing "fov_check" <nipype.interfaces.utility.wrappers.Function>
260514-00:09:56,678 nipype.workflow INFO:
	 [Node] Setting-up "_truncate_images0" in "/gpfs/milgram/scratch60/turk-browne/aa2842/sandbox/auditory-object-scenes-data/bids_workdir/fmriprep_23_2_wf/sub_pp03_wf/anat_fit_wf/brain_extraction_wf/truncate_images/mapflow/_truncate_images0".
260514-00:09:56,681 nipype.workflow INFO:
	 [Node] Executing "_truncate_images0" <nipype.interfaces.ants.utils.ImageMath>
260514-00:09:56,829 nipype.workflow INFO:
	 [Node] Finished "fov_check", elapsed time 0.192703s.
260514-00:09:57,283 nipype.workflow INFO:
	 [Node] Setting-up "fmriprep_23_2_wf.sub_pp03_wf.anat_fit_wf.surface_recon_wf.recon_config" in "/gpfs/milgram/scratch60/turk-browne/aa2842/sandbox/auditory-object-scenes-data/bids_workdir/fmriprep_23_2_wf/sub_pp03_wf/anat_fit_wf/surface_recon_wf/recon_config".
260514-00:09:58,14 nipype.workflow INFO:
	 [Node] Executing "recon_config" <niworkflows.interfaces.freesurfer.FSDetectInputs>
260514-00:09:58,28 nipype.workflow INFO:
	 [Node] Finished "recon_config", elapsed time 0.013887s.
260514-00:09:58,590 nipype.workflow INFO:
	 [Node] Finished "_truncate_images0", elapsed time 1.595428s.
260514-00:10:02,245 nipype.workflow INFO:
	 [Node] Finished "slice_timing_correction", elapsed time 91.682833s.
260514-00:10:02,676 nipype.workflow INFO:
	 [Node] Setting-up "fmriprep_23_2_wf.sub_pp03_wf.bold_task_vislocalizer_wf.bold_native_wf.bold_stc_wf.copy_xform" in "/gpfs/milgram/scratch60/turk-browne/aa2842/sandbox/auditory-object-scenes-data/bids_workdir/fmriprep_23_2_wf/sub_pp03_wf/bold_task_vislocalizer_wf/bold_native_wf/bold_stc_wf/copy_xform".
260514-00:10:03,685 nipype.workflow INFO:
	 [Node] Finished "copy_xform", elapsed time 17.074929s.
260514-00:10:04,571 nipype.workflow INFO:
	 [Node] Executing "copy_xform" <niworkflows.interfaces.header.CopyXForm>
260514-00:10:24,503 nipype.workflow INFO:
	 [Node] Finished "copy_xform", elapsed time 19.93107s.
260514-00:10:31,487 nipype.workflow INFO:
	 [Node] Finished "mcflirt", elapsed time 48.114372s.
260514-00:10:32,956 nipype.workflow INFO:
	 [Node] Setting-up "fmriprep_23_2_wf.sub_pp03_wf.bold_task_audlocalizer_run_03_wf.bold_fit_wf.bold_hmc_wf.normalize_motion" in "/gpfs/milgram/scratch60/turk-browne/aa2842/sandbox/auditory-object-scenes-data/bids_workdir/fmriprep_23_2_wf/sub_pp03_wf/bold_task_audlocalizer_run_03_wf/bold_fit_wf/bold_hmc_wf/normalize_motion".
260514-00:10:33,14 nipype.workflow INFO:
	 [Node] Executing "normalize_motion" <niworkflows.interfaces.confounds.NormalizeMotionParams>
260514-00:10:33,16 nipype.workflow INFO:
	 [Node] Finished "normalize_motion", elapsed time 0.001924s.
260514-00:10:34,655 nipype.workflow INFO:
	 [Node] Setting-up "fmriprep_23_2_wf.sub_pp03_wf.bold_task_audlocalizer_run_03_wf.bold_confounds_wf.fdisp" in "/gpfs/milgram/scratch60/turk-browne/aa2842/sandbox/auditory-object-scenes-data/bids_workdir/fmriprep_23_2_wf/sub_pp03_wf/bold_task_audlocalizer_run_03_wf/bold_confounds_wf/fdisp".
260514-00:10:34,660 nipype.workflow INFO:
	 [Node] Executing "fdisp" <nipype.algorithms.confounds.FramewiseDisplacement>
260514-00:10:34,662 nipype.workflow INFO:
	 [Node] Finished "fdisp", elapsed time 0.001706s.
260514-00:10:41,257 nipype.workflow INFO:
	 [Node] Finished "_denoise0", elapsed time 50.505143s.
260514-00:10:42,653 nipype.workflow INFO:
	 [Node] Setting-up "fmriprep_23_2_wf.sub_pp03_wf.bold_task_audlocalizer_run_01_wf.bold_fit_wf.enhance_and_skullstrip_bold_wf.init_aff" in "/gpfs/milgram/scratch60/turk-browne/aa2842/sandbox/auditory-object-scenes-data/bids_workdir/fmriprep_23_2_wf/sub_pp03_wf/bold_task_audlocalizer_run_01_wf/bold_fit_wf/enhance_and_skullstrip_bold_wf/init_aff".
260514-00:10:42,657 nipype.workflow INFO:
	 [Node] Executing "init_aff" <nipype.interfaces.ants.utils.AI>
260514-00:10:42,657 nipype.workflow INFO:
	 [Node] Setting-up "_anat_conform0" in "/gpfs/milgram/scratch60/turk-browne/aa2842/sandbox/auditory-object-scenes-data/bids_workdir/fmriprep_23_2_wf/sub_pp03_wf/anat_fit_wf/t2w_template_wf/anat_conform/mapflow/_anat_conform0".
260514-00:10:42,659 nipype.workflow INFO:
	 [Node] Executing "_anat_conform0" <niworkflows.interfaces.images.Conform>
260514-00:10:42,668 nipype.workflow INFO:
	 [Node] Finished "_anat_conform0", elapsed time 0.008073s.
260514-00:10:44,670 nipype.workflow INFO:
	 [Node] Setting-up "fmriprep_23_2_wf.sub_pp03_wf.anat_fit_wf.t2w_template_wf.get1st" in "/gpfs/milgram/scratch60/turk-browne/aa2842/sandbox/auditory-object-scenes-data/bids_workdir/fmriprep_23_2_wf/sub_pp03_wf/anat_fit_wf/t2w_template_wf/get1st".
260514-00:10:44,674 nipype.workflow INFO:
	 [Node] Executing "get1st" <nipype.interfaces.utility.base.Select>
260514-00:10:44,674 nipype.workflow INFO:
	 [Node] Finished "get1st", elapsed time 0.00022s.
260514-00:11:04,306 nipype.workflow INFO:
	 [Node] Finished "init_aff", elapsed time 21.648016s.
260514-00:11:04,684 nipype.workflow INFO:
	 [Node] Setting-up "fmriprep_23_2_wf.sub_pp03_wf.bold_task_audlocalizer_run_03_wf.bold_fit_wf.enhance_and_skullstrip_bold_wf.init_aff" in "/gpfs/milgram/scratch60/turk-browne/aa2842/sandbox/auditory-object-scenes-data/bids_workdir/fmriprep_23_2_wf/sub_pp03_wf/bold_task_audlocalizer_run_03_wf/bold_fit_wf/enhance_and_skullstrip_bold_wf/init_aff".
260514-00:11:04,688 nipype.workflow INFO:
	 [Node] Executing "init_aff" <nipype.interfaces.ants.utils.AI>
260514-00:11:17,348 nipype.workflow INFO:
	 [Node] Finished "mcflirt", elapsed time 96.211115s.
260514-00:11:18,980 nipype.workflow INFO:
	 [Node] Setting-up "fmriprep_23_2_wf.sub_pp03_wf.bold_task_audlocalizer_run_01_wf.bold_fit_wf.bold_hmc_wf.normalize_motion" in "/gpfs/milgram/scratch60/turk-browne/aa2842/sandbox/auditory-object-scenes-data/bids_workdir/fmriprep_23_2_wf/sub_pp03_wf/bold_task_audlocalizer_run_01_wf/bold_fit_wf/bold_hmc_wf/normalize_motion".
260514-00:11:19,44 nipype.workflow INFO:
	 [Node] Executing "normalize_motion" <niworkflows.interfaces.confounds.NormalizeMotionParams>
260514-00:11:19,47 nipype.workflow INFO:
	 [Node] Finished "normalize_motion", elapsed time 0.002824s.
260514-00:11:20,714 nipype.workflow INFO:
	 [Node] Setting-up "fmriprep_23_2_wf.sub_pp03_wf.bold_task_audlocalizer_run_01_wf.bold_confounds_wf.fdisp" in "/gpfs/milgram/scratch60/turk-browne/aa2842/sandbox/auditory-object-scenes-data/bids_workdir/fmriprep_23_2_wf/sub_pp03_wf/bold_task_audlocalizer_run_01_wf/bold_confounds_wf/fdisp".
260514-00:11:20,718 nipype.workflow INFO:
	 [Node] Executing "fdisp" <nipype.algorithms.confounds.FramewiseDisplacement>
260514-00:11:20,761 nipype.workflow INFO:
	 [Node] Finished "fdisp", elapsed time 0.041871s.
260514-00:11:26,761 nipype.workflow INFO:
	 [Node] Finished "init_aff", elapsed time 21.971689s.
260514-00:11:28,769 nipype.workflow INFO:
	 [Node] Setting-up "fmriprep_23_2_wf.sub_pp03_wf.bold_task_audlocalizer_run_01_wf.bold_fit_wf.bold_hmc_wf.fsl2itk" in "/gpfs/milgram/scratch60/turk-browne/aa2842/sandbox/auditory-object-scenes-data/bids_workdir/fmriprep_23_2_wf/sub_pp03_wf/bold_task_audlocalizer_run_01_wf/bold_fit_wf/bold_hmc_wf/fsl2itk".
260514-00:11:28,859 nipype.workflow INFO:
	 [Node] Executing "fsl2itk" <niworkflows.interfaces.itk.MCFLIRT2ITK>
260514-00:11:28,859 nipype.interface WARNING:
	 Multithreading is deprecated. Remove the num_threads input.
260514-00:11:29,2 nipype.workflow INFO:
	 [Node] Finished "fsl2itk", elapsed time 0.142332s.
260514-00:11:30,734 nipype.workflow INFO:
	 [Node] Setting-up "fmriprep_23_2_wf.sub_pp03_wf.bold_task_audlocalizer_run_03_wf.bold_fit_wf.bold_hmc_wf.fsl2itk" in "/gpfs/milgram/scratch60/turk-browne/aa2842/sandbox/auditory-object-scenes-data/bids_workdir/fmriprep_23_2_wf/sub_pp03_wf/bold_task_audlocalizer_run_03_wf/bold_fit_wf/bold_hmc_wf/fsl2itk".
260514-00:11:30,760 nipype.workflow INFO:
	 [Node] Executing "fsl2itk" <niworkflows.interfaces.itk.MCFLIRT2ITK>
260514-00:11:30,760 nipype.interface WARNING:
	 Multithreading is deprecated. Remove the num_threads input.
260514-00:11:30,837 nipype.workflow INFO:
	 [Node] Finished "fsl2itk", elapsed time 0.076494s.
260514-00:11:32,717 nipype.workflow INFO:
	 [Node] Setting-up "fmriprep_23_2_wf.sub_pp03_wf.bold_task_vislocalizer_wf.bold_fit_wf.enhance_and_skullstrip_bold_wf.init_aff" in "/gpfs/milgram/scratch60/turk-browne/aa2842/sandbox/auditory-object-scenes-data/bids_workdir/fmriprep_23_2_wf/sub_pp03_wf/bold_task_vislocalizer_wf/bold_fit_wf/enhance_and_skullstrip_bold_wf/init_aff".
260514-00:11:32,720 nipype.workflow INFO:
	 [Node] Executing "init_aff" <nipype.interfaces.ants.utils.AI>
260514-00:11:35,290 nipype.workflow INFO:
	 [Node] Finished "mcflirt", elapsed time 111.510184s.
260514-00:11:36,739 nipype.workflow INFO:
	 [Node] Setting-up "fmriprep_23_2_wf.sub_pp03_wf.bold_task_vislocalizer_wf.bold_fit_wf.bold_hmc_wf.fsl2itk" in "/gpfs/milgram/scratch60/turk-browne/aa2842/sandbox/auditory-object-scenes-data/bids_workdir/fmriprep_23_2_wf/sub_pp03_wf/bold_task_vislocalizer_wf/bold_fit_wf/bold_hmc_wf/fsl2itk".
260514-00:11:36,791 nipype.workflow INFO:
	 [Node] Executing "fsl2itk" <niworkflows.interfaces.itk.MCFLIRT2ITK>
260514-00:11:36,792 nipype.interface WARNING:
	 Multithreading is deprecated. Remove the num_threads input.
260514-00:11:36,960 nipype.workflow INFO:
	 [Node] Finished "fsl2itk", elapsed time 0.168342s.
260514-00:11:38,931 nipype.workflow INFO:
	 [Node] Setting-up "fmriprep_23_2_wf.sub_pp03_wf.bold_task_vislocalizer_wf.bold_fit_wf.bold_hmc_wf.normalize_motion" in "/gpfs/milgram/scratch60/turk-browne/aa2842/sandbox/auditory-object-scenes-data/bids_workdir/fmriprep_23_2_wf/sub_pp03_wf/bold_task_vislocalizer_wf/bold_fit_wf/bold_hmc_wf/normalize_motion".
260514-00:11:38,948 nipype.workflow INFO:
	 [Node] Executing "normalize_motion" <niworkflows.interfaces.confounds.NormalizeMotionParams>
260514-00:11:38,952 nipype.workflow INFO:
	 [Node] Finished "normalize_motion", elapsed time 0.002957s.
260514-00:11:40,723 nipype.workflow INFO:
	 [Node] Setting-up "fmriprep_23_2_wf.sub_pp03_wf.bold_task_audlocalizer_run_01_wf.bold_fit_wf.enhance_and_skullstrip_bold_wf.norm" in "/gpfs/milgram/scratch60/turk-browne/aa2842/sandbox/auditory-object-scenes-data/bids_workdir/fmriprep_23_2_wf/sub_pp03_wf/bold_task_audlocalizer_run_01_wf/bold_fit_wf/enhance_and_skullstrip_bold_wf/norm".
260514-00:11:40,728 nipype.workflow INFO:
	 [Node] Executing "norm" <niworkflows.interfaces.fixes.FixHeaderRegistration>
260514-00:11:41,279 nipype.workflow INFO:
	 [Node] Finished "norm", elapsed time 0.413074s.
260514-00:11:42,728 nipype.workflow INFO:
	 [Node] Setting-up "fmriprep_23_2_wf.sub_pp03_wf.bold_task_audlocalizer_run_03_wf.bold_fit_wf.enhance_and_skullstrip_bold_wf.norm" in "/gpfs/milgram/scratch60/turk-browne/aa2842/sandbox/auditory-object-scenes-data/bids_workdir/fmriprep_23_2_wf/sub_pp03_wf/bold_task_audlocalizer_run_03_wf/bold_fit_wf/enhance_and_skullstrip_bold_wf/norm".
260514-00:11:42,733 nipype.workflow INFO:
	 [Node] Executing "norm" <niworkflows.interfaces.fixes.FixHeaderRegistration>
260514-00:11:43,590 nipype.workflow INFO:
	 [Node] Finished "norm", elapsed time 0.706648s.
260514-00:11:44,733 nipype.workflow INFO:
	 [Node] Setting-up "fmriprep_23_2_wf.sub_pp03_wf.bold_task_vislocalizer_wf.bold_confounds_wf.fdisp" in "/gpfs/milgram/scratch60/turk-browne/aa2842/sandbox/auditory-object-scenes-data/bids_workdir/fmriprep_23_2_wf/sub_pp03_wf/bold_task_vislocalizer_wf/bold_confounds_wf/fdisp".
260514-00:11:44,915 nipype.workflow INFO:
	 [Node] Setting-up "fmriprep_23_2_wf.sub_pp03_wf.bold_task_audlocalizer_run_01_wf.bold_fit_wf.enhance_and_skullstrip_bold_wf.map_brainmask" in "/gpfs/milgram/scratch60/turk-browne/aa2842/sandbox/auditory-object-scenes-data/bids_workdir/fmriprep_23_2_wf/sub_pp03_wf/bold_task_audlocalizer_run_01_wf/bold_fit_wf/enhance_and_skullstrip_bold_wf/map_brainmask".
260514-00:11:44,919 nipype.workflow INFO:
	 [Node] Executing "map_brainmask" <niworkflows.interfaces.fixes.FixHeaderApplyTransforms>
260514-00:11:44,937 nipype.workflow INFO:
	 [Node] Executing "fdisp" <nipype.algorithms.confounds.FramewiseDisplacement>
260514-00:11:44,940 nipype.workflow INFO:
	 [Node] Finished "fdisp", elapsed time 0.002326s.
260514-00:11:44,978 nipype.workflow INFO:
	 [Node] Setting-up "fmriprep_23_2_wf.sub_pp03_wf.bold_task_audlocalizer_run_03_wf.bold_fit_wf.enhance_and_skullstrip_bold_wf.map_brainmask" in "/gpfs/milgram/scratch60/turk-browne/aa2842/sandbox/auditory-object-scenes-data/bids_workdir/fmriprep_23_2_wf/sub_pp03_wf/bold_task_audlocalizer_run_03_wf/bold_fit_wf/enhance_and_skullstrip_bold_wf/map_brainmask".
260514-00:11:44,982 nipype.workflow INFO:
	 [Node] Executing "map_brainmask" <niworkflows.interfaces.fixes.FixHeaderApplyTransforms>
260514-00:11:45,596 nipype.workflow INFO:
	 [Node] Finished "map_brainmask", elapsed time 0.510216s.
260514-00:11:45,662 nipype.workflow INFO:
	 [Node] Finished "map_brainmask", elapsed time 0.565525s.
260514-00:11:47,218 nipype.workflow INFO:
	 [Node] Setting-up "_inu_n40" in "/gpfs/milgram/scratch60/turk-browne/aa2842/sandbox/auditory-object-scenes-data/bids_workdir/fmriprep_23_2_wf/sub_pp03_wf/anat_fit_wf/brain_extraction_wf/inu_n4/mapflow/_inu_n40".
260514-00:11:47,221 nipype.workflow INFO:
	 [Node] Executing "_inu_n40" <nipype.interfaces.ants.segmentation.N4BiasFieldCorrection>
260514-00:11:54,760 nipype.workflow INFO:
	 [Node] Finished "init_aff", elapsed time 21.871432s.
260514-00:11:56,704 nipype.workflow INFO:
	 [Node] Setting-up "fmriprep_23_2_wf.sub_pp03_wf.bold_task_vislocalizer_wf.bold_fit_wf.enhance_and_skullstrip_bold_wf.norm" in "/gpfs/milgram/scratch60/turk-browne/aa2842/sandbox/auditory-object-scenes-data/bids_workdir/fmriprep_23_2_wf/sub_pp03_wf/bold_task_vislocalizer_wf/bold_fit_wf/enhance_and_skullstrip_bold_wf/norm".
260514-00:11:56,710 nipype.workflow INFO:
	 [Node] Executing "norm" <niworkflows.interfaces.fixes.FixHeaderRegistration>
260514-00:11:57,170 nipype.workflow INFO:
	 [Node] Finished "norm", elapsed time 0.332574s.
260514-00:11:58,686 nipype.workflow INFO:
	 [Node] Setting-up "fmriprep_23_2_wf.sub_pp03_wf.bold_task_audlocalizer_run_01_wf.bold_fit_wf.enhance_and_skullstrip_bold_wf.n4_correct" in "/gpfs/milgram/scratch60/turk-browne/aa2842/sandbox/auditory-object-scenes-data/bids_workdir/fmriprep_23_2_wf/sub_pp03_wf/bold_task_audlocalizer_run_01_wf/bold_fit_wf/enhance_and_skullstrip_bold_wf/n4_correct".
260514-00:11:58,688 nipype.workflow INFO:
	 [Node] Setting-up "fmriprep_23_2_wf.sub_pp03_wf.bold_task_audlocalizer_run_03_wf.bold_fit_wf.enhance_and_skullstrip_bold_wf.n4_correct" in "/gpfs/milgram/scratch60/turk-browne/aa2842/sandbox/auditory-object-scenes-data/bids_workdir/fmriprep_23_2_wf/sub_pp03_wf/bold_task_audlocalizer_run_03_wf/bold_fit_wf/enhance_and_skullstrip_bold_wf/n4_correct".
260514-00:11:58,690 nipype.workflow INFO:
	 [Node] Executing "n4_correct" <niworkflows.interfaces.fixes.FixN4BiasFieldCorrection>
260514-00:11:58,691 nipype.workflow INFO:
	 [Node] Executing "n4_correct" <niworkflows.interfaces.fixes.FixN4BiasFieldCorrection>
260514-00:11:58,705 nipype.workflow INFO:
	 [Node] Setting-up "fmriprep_23_2_wf.sub_pp03_wf.bold_task_vislocalizer_wf.bold_fit_wf.enhance_and_skullstrip_bold_wf.map_brainmask" in "/gpfs/milgram/scratch60/turk-browne/aa2842/sandbox/auditory-object-scenes-data/bids_workdir/fmriprep_23_2_wf/sub_pp03_wf/bold_task_vislocalizer_wf/bold_fit_wf/enhance_and_skullstrip_bold_wf/map_brainmask".
260514-00:11:58,709 nipype.workflow INFO:
	 [Node] Executing "map_brainmask" <niworkflows.interfaces.fixes.FixHeaderApplyTransforms>
260514-00:11:59,245 nipype.workflow INFO:
	 [Node] Finished "map_brainmask", elapsed time 0.401179s.
260514-00:12:00,537 nipype.workflow INFO:
	 [Node] Finished "n4_correct", elapsed time 1.6660279999999998s.
260514-00:12:01,14 nipype.workflow INFO:
	 [Node] Setting-up "fmriprep_23_2_wf.sub_pp03_wf.bold_task_audlocalizer_run_01_wf.bold_fit_wf.enhance_and_skullstrip_bold_wf.skullstrip_first_pass" in "/gpfs/milgram/scratch60/turk-browne/aa2842/sandbox/auditory-object-scenes-data/bids_workdir/fmriprep_23_2_wf/sub_pp03_wf/bold_task_audlocalizer_run_01_wf/bold_fit_wf/enhance_and_skullstrip_bold_wf/skullstrip_first_pass".
260514-00:12:01,17 nipype.workflow INFO:
	 [Node] Setting-up "fmriprep_23_2_wf.sub_pp03_wf.bold_task_audlocalizer_run_01_wf.bold_fit_wf.unwarp_wf.rotime" in "/gpfs/milgram/scratch60/turk-browne/aa2842/sandbox/auditory-object-scenes-data/bids_workdir/fmriprep_23_2_wf/sub_pp03_wf/bold_task_audlocalizer_run_01_wf/bold_fit_wf/unwarp_wf/rotime".
260514-00:12:01,18 nipype.workflow INFO:
	 [Node] Executing "skullstrip_first_pass" <nipype.interfaces.fsl.preprocess.BET>
260514-00:12:01,22 nipype.workflow INFO:
	 [Node] Executing "rotime" <sdcflows.interfaces.epi.GetReadoutTime>
260514-00:12:01,23 nipype.workflow INFO:
	 [Node] Finished "rotime", elapsed time 0.000566s.
260514-00:12:02,439 nipype.workflow INFO:
	 [Node] Finished "skullstrip_first_pass", elapsed time 1.419897s.
260514-00:12:02,736 nipype.workflow INFO:
	 [Node] Setting-up "fmriprep_23_2_wf.sub_pp03_wf.bold_task_audlocalizer_run_01_wf.bold_fit_wf.enhance_and_skullstrip_bold_wf.first_dilate" in "/gpfs/milgram/scratch60/turk-browne/aa2842/sandbox/auditory-object-scenes-data/bids_workdir/fmriprep_23_2_wf/sub_pp03_wf/bold_task_audlocalizer_run_01_wf/bold_fit_wf/enhance_and_skullstrip_bold_wf/first_dilate".
260514-00:12:02,739 nipype.workflow INFO:
	 [Node] Executing "first_dilate" <niworkflows.interfaces.nibabel.BinaryDilation>
260514-00:12:02,755 nipype.workflow INFO:
	 [Node] Setting-up "fmriprep_23_2_wf.sub_pp03_wf.bold_task_vislocalizer_wf.bold_fit_wf.enhance_and_skullstrip_bold_wf.n4_correct" in "/gpfs/milgram/scratch60/turk-browne/aa2842/sandbox/auditory-object-scenes-data/bids_workdir/fmriprep_23_2_wf/sub_pp03_wf/bold_task_vislocalizer_wf/bold_fit_wf/enhance_and_skullstrip_bold_wf/n4_correct".
260514-00:12:02,759 nipype.workflow INFO:
	 [Node] Executing "n4_correct" <niworkflows.interfaces.fixes.FixN4BiasFieldCorrection>
260514-00:12:03,579 nipype.workflow INFO:
	 [Node] Finished "first_dilate", elapsed time 0.839107s.
260514-00:12:04,393 nipype.workflow INFO:
	 [Node] Finished "n4_correct", elapsed time 1.490763s.
260514-00:12:04,747 nipype.workflow INFO:
	 [Node] Setting-up "fmriprep_23_2_wf.sub_pp03_wf.bold_task_vislocalizer_wf.bold_fit_wf.enhance_and_skullstrip_bold_wf.skullstrip_first_pass" in "/gpfs/milgram/scratch60/turk-browne/aa2842/sandbox/auditory-object-scenes-data/bids_workdir/fmriprep_23_2_wf/sub_pp03_wf/bold_task_vislocalizer_wf/bold_fit_wf/enhance_and_skullstrip_bold_wf/skullstrip_first_pass".
260514-00:12:04,748 nipype.workflow INFO:
	 [Node] Setting-up "fmriprep_23_2_wf.sub_pp03_wf.bold_task_audlocalizer_run_01_wf.bold_fit_wf.enhance_and_skullstrip_bold_wf.first_mask" in "/gpfs/milgram/scratch60/turk-browne/aa2842/sandbox/auditory-object-scenes-data/bids_workdir/fmriprep_23_2_wf/sub_pp03_wf/bold_task_audlocalizer_run_01_wf/bold_fit_wf/enhance_and_skullstrip_bold_wf/first_mask".
260514-00:12:04,750 nipype.workflow INFO:
	 [Node] Setting-up "fmriprep_23_2_wf.sub_pp03_wf.bold_task_vislocalizer_wf.bold_fit_wf.unwarp_wf.rotime" in "/gpfs/milgram/scratch60/turk-browne/aa2842/sandbox/auditory-object-scenes-data/bids_workdir/fmriprep_23_2_wf/sub_pp03_wf/bold_task_vislocalizer_wf/bold_fit_wf/unwarp_wf/rotime".
260514-00:12:04,752 nipype.workflow INFO:
	 [Node] Executing "first_mask" <niworkflows.interfaces.nibabel.ApplyMask>
260514-00:12:04,755 nipype.workflow INFO:
	 [Node] Executing "rotime" <sdcflows.interfaces.epi.GetReadoutTime>
260514-00:12:04,756 nipype.workflow INFO:
	 [Node] Finished "rotime", elapsed time 0.000624s.
260514-00:12:04,770 nipype.workflow INFO:
	 [Node] Executing "skullstrip_first_pass" <nipype.interfaces.fsl.preprocess.BET>
260514-00:12:04,884 nipype.workflow INFO:
	 [Node] Finished "first_mask", elapsed time 0.130955s.
260514-00:12:06,54 nipype.workflow INFO:
	 [Node] Finished "skullstrip_first_pass", elapsed time 1.28354s.
260514-00:12:06,741 nipype.workflow INFO:
	 [Node] Setting-up "fmriprep_23_2_wf.sub_pp03_wf.bold_task_audlocalizer_run_01_wf.bold_fit_wf.enhance_and_skullstrip_bold_wf.unifize" in "/gpfs/milgram/scratch60/turk-browne/aa2842/sandbox/auditory-object-scenes-data/bids_workdir/fmriprep_23_2_wf/sub_pp03_wf/bold_task_audlocalizer_run_01_wf/bold_fit_wf/enhance_and_skullstrip_bold_wf/unifize".
260514-00:12:06,744 nipype.workflow INFO:
	 [Node] Setting-up "fmriprep_23_2_wf.sub_pp03_wf.bold_task_vislocalizer_wf.bold_fit_wf.enhance_and_skullstrip_bold_wf.first_dilate" in "/gpfs/milgram/scratch60/turk-browne/aa2842/sandbox/auditory-object-scenes-data/bids_workdir/fmriprep_23_2_wf/sub_pp03_wf/bold_task_vislocalizer_wf/bold_fit_wf/enhance_and_skullstrip_bold_wf/first_dilate".
260514-00:12:06,746 nipype.workflow INFO:
	 [Node] Executing "unifize" <nipype.interfaces.afni.utils.Unifize>
260514-00:12:06,781 nipype.workflow INFO:
	 [Node] Finished "n4_correct", elapsed time 8.08905s.
260514-00:12:06,808 nipype.workflow INFO:
	 [Node] Executing "first_dilate" <niworkflows.interfaces.nibabel.BinaryDilation>
260514-00:12:07,590 nipype.workflow INFO:
	 [Node] Finished "first_dilate", elapsed time 0.781309s.
260514-00:12:08,747 nipype.workflow INFO:
	 [Node] Setting-up "fmriprep_23_2_wf.sub_pp03_wf.bold_task_audlocalizer_run_03_wf.bold_fit_wf.unwarp_wf.rotime" in "/gpfs/milgram/scratch60/turk-browne/aa2842/sandbox/auditory-object-scenes-data/bids_workdir/fmriprep_23_2_wf/sub_pp03_wf/bold_task_audlocalizer_run_03_wf/bold_fit_wf/unwarp_wf/rotime".
260514-00:12:08,749 nipype.workflow INFO:
	 [Node] Setting-up "fmriprep_23_2_wf.sub_pp03_wf.bold_task_vislocalizer_wf.bold_fit_wf.enhance_and_skullstrip_bold_wf.first_mask" in "/gpfs/milgram/scratch60/turk-browne/aa2842/sandbox/auditory-object-scenes-data/bids_workdir/fmriprep_23_2_wf/sub_pp03_wf/bold_task_vislocalizer_wf/bold_fit_wf/enhance_and_skullstrip_bold_wf/first_mask".
260514-00:12:08,752 nipype.workflow INFO:
	 [Node] Executing "rotime" <sdcflows.interfaces.epi.GetReadoutTime>
260514-00:12:08,753 nipype.workflow INFO:
	 [Node] Finished "rotime", elapsed time 0.000559s.
260514-00:12:08,756 nipype.workflow INFO:
	 [Node] Executing "first_mask" <niworkflows.interfaces.nibabel.ApplyMask>
260514-00:12:08,792 nipype.workflow INFO:
	 [Node] Setting-up "fmriprep_23_2_wf.sub_pp03_wf.bold_task_audlocalizer_run_03_wf.bold_fit_wf.enhance_and_skullstrip_bold_wf.skullstrip_first_pass" in "/gpfs/milgram/scratch60/turk-browne/aa2842/sandbox/auditory-object-scenes-data/bids_workdir/fmriprep_23_2_wf/sub_pp03_wf/bold_task_audlocalizer_run_03_wf/bold_fit_wf/enhance_and_skullstrip_bold_wf/skullstrip_first_pass".
260514-00:12:08,796 nipype.workflow INFO:
	 [Node] Executing "skullstrip_first_pass" <nipype.interfaces.fsl.preprocess.BET>
260514-00:12:08,883 nipype.workflow INFO:
	 [Node] Finished "first_mask", elapsed time 0.126596s.
260514-00:12:10,22 nipype.workflow INFO:
	 [Node] Finished "skullstrip_first_pass", elapsed time 1.225003s.
260514-00:12:10,753 nipype.workflow INFO:
	 [Node] Setting-up "fmriprep_23_2_wf.sub_pp03_wf.bold_task_audlocalizer_run_03_wf.bold_fit_wf.enhance_and_skullstrip_bold_wf.first_dilate" in "/gpfs/milgram/scratch60/turk-browne/aa2842/sandbox/auditory-object-scenes-data/bids_workdir/fmriprep_23_2_wf/sub_pp03_wf/bold_task_audlocalizer_run_03_wf/bold_fit_wf/enhance_and_skullstrip_bold_wf/first_dilate".
260514-00:12:10,756 nipype.workflow INFO:
	 [Node] Executing "first_dilate" <niworkflows.interfaces.nibabel.BinaryDilation>
260514-00:12:10,778 nipype.workflow INFO:
	 [Node] Setting-up "fmriprep_23_2_wf.sub_pp03_wf.bold_task_vislocalizer_wf.bold_fit_wf.enhance_and_skullstrip_bold_wf.unifize" in "/gpfs/milgram/scratch60/turk-browne/aa2842/sandbox/auditory-object-scenes-data/bids_workdir/fmriprep_23_2_wf/sub_pp03_wf/bold_task_vislocalizer_wf/bold_fit_wf/enhance_and_skullstrip_bold_wf/unifize".
260514-00:12:10,785 nipype.workflow INFO:
	 [Node] Executing "unifize" <nipype.interfaces.afni.utils.Unifize>
260514-00:12:11,452 nipype.workflow INFO:
	 [Node] Finished "first_dilate", elapsed time 0.695305s.
260514-00:12:12,750 nipype.workflow INFO:
	 [Node] Setting-up "fmriprep_23_2_wf.sub_pp03_wf.bold_task_audlocalizer_run_03_wf.bold_fit_wf.enhance_and_skullstrip_bold_wf.first_mask" in "/gpfs/milgram/scratch60/turk-browne/aa2842/sandbox/auditory-object-scenes-data/bids_workdir/fmriprep_23_2_wf/sub_pp03_wf/bold_task_audlocalizer_run_03_wf/bold_fit_wf/enhance_and_skullstrip_bold_wf/first_mask".
260514-00:12:12,754 nipype.workflow INFO:
	 [Node] Executing "first_mask" <niworkflows.interfaces.nibabel.ApplyMask>
260514-00:12:12,883 nipype.workflow INFO:
	 [Node] Finished "first_mask", elapsed time 0.129243s.
260514-00:12:14,739 nipype.workflow INFO:
	 [Node] Setting-up "fmriprep_23_2_wf.sub_pp03_wf.bold_task_audlocalizer_run_03_wf.bold_fit_wf.enhance_and_skullstrip_bold_wf.unifize" in "/gpfs/milgram/scratch60/turk-browne/aa2842/sandbox/auditory-object-scenes-data/bids_workdir/fmriprep_23_2_wf/sub_pp03_wf/bold_task_audlocalizer_run_03_wf/bold_fit_wf/enhance_and_skullstrip_bold_wf/unifize".
260514-00:12:14,747 nipype.workflow INFO:
	 [Node] Executing "unifize" <nipype.interfaces.afni.utils.Unifize>
260514-00:12:18,783 nipype.workflow INFO:
	 [Node] Finished "unifize", elapsed time 12.036942s.
260514-00:12:20,755 nipype.workflow INFO:
	 [Node] Setting-up "fmriprep_23_2_wf.sub_pp03_wf.bold_task_audlocalizer_run_01_wf.bold_fit_wf.enhance_and_skullstrip_bold_wf.fixhdr_unifize" in "/gpfs/milgram/scratch60/turk-browne/aa2842/sandbox/auditory-object-scenes-data/bids_workdir/fmriprep_23_2_wf/sub_pp03_wf/bold_task_audlocalizer_run_01_wf/bold_fit_wf/enhance_and_skullstrip_bold_wf/fixhdr_unifize".
260514-00:12:20,759 nipype.workflow INFO:
	 [Node] Executing "fixhdr_unifize" <niworkflows.interfaces.header.CopyXForm>
260514-00:12:20,879 nipype.workflow INFO:
	 [Node] Finished "fixhdr_unifize", elapsed time 0.119664s.
260514-00:12:21,962 nipype.workflow INFO:
	 [Node] Finished "_inu_n40", elapsed time 34.740999s.
260514-00:12:22,509 nipype.workflow INFO:
	 [Node] Finished "unifize", elapsed time 11.724025s.
260514-00:12:22,766 nipype.workflow INFO:
	 [Node] Setting-up "fmriprep_23_2_wf.sub_pp03_wf.anat_fit_wf.brain_extraction_wf.res_target" in "/gpfs/milgram/scratch60/turk-browne/aa2842/sandbox/auditory-object-scenes-data/bids_workdir/fmriprep_23_2_wf/sub_pp03_wf/anat_fit_wf/brain_extraction_wf/res_target".
260514-00:12:22,767 nipype.workflow INFO:
	 [Node] Setting-up "fmriprep_23_2_wf.sub_pp03_wf.anat_fit_wf.brain_extraction_wf.lap_target" in "/gpfs/milgram/scratch60/turk-browne/aa2842/sandbox/auditory-object-scenes-data/bids_workdir/fmriprep_23_2_wf/sub_pp03_wf/anat_fit_wf/brain_extraction_wf/lap_target".
260514-00:12:22,767 nipype.workflow INFO:
	 [Node] Setting-up "fmriprep_23_2_wf.sub_pp03_wf.bold_task_vislocalizer_wf.bold_fit_wf.enhance_and_skullstrip_bold_wf.fixhdr_unifize" in "/gpfs/milgram/scratch60/turk-browne/aa2842/sandbox/auditory-object-scenes-data/bids_workdir/fmriprep_23_2_wf/sub_pp03_wf/bold_task_vislocalizer_wf/bold_fit_wf/enhance_and_skullstrip_bold_wf/fixhdr_unifize".
260514-00:12:22,767 nipype.workflow INFO:
	 [Node] Setting-up "fmriprep_23_2_wf.sub_pp03_wf.bold_task_audlocalizer_run_01_wf.bold_fit_wf.enhance_and_skullstrip_bold_wf.skullstrip_second_pass" in "/gpfs/milgram/scratch60/turk-browne/aa2842/sandbox/auditory-object-scenes-data/bids_workdir/fmriprep_23_2_wf/sub_pp03_wf/bold_task_audlocalizer_run_01_wf/bold_fit_wf/enhance_and_skullstrip_bold_wf/skullstrip_second_pass".
260514-00:12:22,769 nipype.workflow INFO:
	 [Node] Executing "res_target" <niworkflows.interfaces.nibabel.RegridToZooms>
260514-00:12:22,770 nipype.workflow INFO:
	 [Node] Executing "lap_target" <nipype.interfaces.ants.utils.ImageMath>
260514-00:12:22,771 nipype.workflow INFO:
	 [Node] Executing "skullstrip_second_pass" <nipype.interfaces.afni.preprocess.Automask>
260514-00:12:22,800 nipype.workflow INFO:
	 [Node] Executing "fixhdr_unifize" <niworkflows.interfaces.header.CopyXForm>
260514-00:12:22,920 nipype.workflow INFO:
	 [Node] Finished "fixhdr_unifize", elapsed time 0.119655s.
260514-00:12:23,275 nipype.workflow INFO:
	 [Node] Setting-up "fmriprep_23_2_wf.sub_pp03_wf.anat_fit_wf.surface_recon_wf.autorecon1" in "/gpfs/milgram/scratch60/turk-browne/aa2842/sandbox/auditory-object-scenes-data/bids_workdir/fmriprep_23_2_wf/sub_pp03_wf/anat_fit_wf/surface_recon_wf/autorecon1".
260514-00:12:23,281 nipype.workflow INFO:
	 [Node] Executing "autorecon1" <smriprep.interfaces.freesurfer.ReconAll>
260514-00:12:23,420 nipype.workflow INFO:
	 [Node] Finished "skullstrip_second_pass", elapsed time 0.648993s.
260514-00:12:23,803 nipype.workflow INFO:
	 [Node] Finished "res_target", elapsed time 1.033321s.
260514-00:12:24,752 nipype.workflow INFO:
	 [Node] Setting-up "fmriprep_23_2_wf.sub_pp03_wf.bold_task_vislocalizer_wf.bold_fit_wf.enhance_and_skullstrip_bold_wf.skullstrip_second_pass" in "/gpfs/milgram/scratch60/turk-browne/aa2842/sandbox/auditory-object-scenes-data/bids_workdir/fmriprep_23_2_wf/sub_pp03_wf/bold_task_vislocalizer_wf/bold_fit_wf/enhance_and_skullstrip_bold_wf/skullstrip_second_pass".
260514-00:12:24,753 nipype.workflow INFO:
	 [Node] Setting-up "fmriprep_23_2_wf.sub_pp03_wf.bold_task_audlocalizer_run_01_wf.bold_fit_wf.enhance_and_skullstrip_bold_wf.fixhdr_skullstrip2" in "/gpfs/milgram/scratch60/turk-browne/aa2842/sandbox/auditory-object-scenes-data/bids_workdir/fmriprep_23_2_wf/sub_pp03_wf/bold_task_audlocalizer_run_01_wf/bold_fit_wf/enhance_and_skullstrip_bold_wf/fixhdr_skullstrip2".
260514-00:12:24,756 nipype.workflow INFO:
	 [Node] Executing "fixhdr_skullstrip2" <niworkflows.interfaces.header.CopyXForm>
260514-00:12:24,756 nipype.workflow INFO:
	 [Node] Executing "skullstrip_second_pass" <nipype.interfaces.afni.preprocess.Automask>
260514-00:12:24,777 nipype.workflow INFO:
	 [Node] Finished "fixhdr_skullstrip2", elapsed time 0.020915s.
260514-00:12:25,342 nipype.workflow INFO:
	 [Node] Finished "skullstrip_second_pass", elapsed time 0.584746s.
260514-00:12:26,279 nipype.workflow INFO:
	 [Node] Finished "unifize", elapsed time 11.53143s.
260514-00:12:26,763 nipype.workflow INFO:
	 [Node] Setting-up "fmriprep_23_2_wf.sub_pp03_wf.bold_task_audlocalizer_run_03_wf.bold_fit_wf.enhance_and_skullstrip_bold_wf.fixhdr_unifize" in "/gpfs/milgram/scratch60/turk-browne/aa2842/sandbox/auditory-object-scenes-data/bids_workdir/fmriprep_23_2_wf/sub_pp03_wf/bold_task_audlocalizer_run_03_wf/bold_fit_wf/enhance_and_skullstrip_bold_wf/fixhdr_unifize".
260514-00:12:26,763 nipype.workflow INFO:
	 [Node] Setting-up "fmriprep_23_2_wf.sub_pp03_wf.bold_task_vislocalizer_wf.bold_fit_wf.enhance_and_skullstrip_bold_wf.fixhdr_skullstrip2" in "/gpfs/milgram/scratch60/turk-browne/aa2842/sandbox/auditory-object-scenes-data/bids_workdir/fmriprep_23_2_wf/sub_pp03_wf/bold_task_vislocalizer_wf/bold_fit_wf/enhance_and_skullstrip_bold_wf/fixhdr_skullstrip2".
260514-00:12:26,764 nipype.workflow INFO:
	 [Node] Setting-up "fmriprep_23_2_wf.sub_pp03_wf.bold_task_audlocalizer_run_01_wf.bold_fit_wf.enhance_and_skullstrip_bold_wf.combine_masks" in "/gpfs/milgram/scratch60/turk-browne/aa2842/sandbox/auditory-object-scenes-data/bids_workdir/fmriprep_23_2_wf/sub_pp03_wf/bold_task_audlocalizer_run_01_wf/bold_fit_wf/enhance_and_skullstrip_bold_wf/combine_masks".
260514-00:12:26,793 nipype.workflow INFO:
	 [Node] Executing "combine_masks" <nipype.interfaces.fsl.maths.BinaryMaths>
260514-00:12:26,795 nipype.workflow INFO:
	 [Node] Executing "fixhdr_unifize" <niworkflows.interfaces.header.CopyXForm>
260514-00:12:26,796 nipype.workflow INFO:
	 [Node] Executing "fixhdr_skullstrip2" <niworkflows.interfaces.header.CopyXForm>
260514-00:12:26,816 nipype.workflow INFO:
	 [Node] Finished "fixhdr_skullstrip2", elapsed time 0.020006s.
260514-00:12:26,910 nipype.workflow INFO:
	 [Node] Finished "fixhdr_unifize", elapsed time 0.113609s.
260514-00:12:26,937 nipype.workflow INFO:
	 [Node] Finished "combine_masks", elapsed time 0.14247s.
260514-00:12:27,246 nipype.workflow INFO:
	 [Node] Finished "lap_target", elapsed time 4.474999s.
260514-00:12:28,769 nipype.workflow INFO:
	 [Node] Setting-up "fmriprep_23_2_wf.sub_pp03_wf.anat_fit_wf.brain_extraction_wf.init_aff" in "/gpfs/milgram/scratch60/turk-browne/aa2842/sandbox/auditory-object-scenes-data/bids_workdir/fmriprep_23_2_wf/sub_pp03_wf/anat_fit_wf/brain_extraction_wf/init_aff".
260514-00:12:28,773 nipype.workflow INFO:
	 [Node] Executing "init_aff" <nipype.interfaces.ants.utils.AI>
260514-00:12:40,886 nipype.workflow INFO:
	 [Node] Finished "init_aff", elapsed time 11.955741s.
260514-00:12:42,770 nipype.workflow INFO:
	 [Node] Setting-up "fmriprep_23_2_wf.sub_pp03_wf.anat_fit_wf.brain_extraction_wf.mrg_target" in "/gpfs/milgram/scratch60/turk-browne/aa2842/sandbox/auditory-object-scenes-data/bids_workdir/fmriprep_23_2_wf/sub_pp03_wf/anat_fit_wf/brain_extraction_wf/mrg_target".
260514-00:12:42,770 nipype.workflow INFO:
	 [Node] Setting-up "fmriprep_23_2_wf.sub_pp03_wf.bold_task_audlocalizer_run_03_wf.bold_fit_wf.enhance_and_skullstrip_bold_wf.skullstrip_second_pass" in "/gpfs/milgram/scratch60/turk-browne/aa2842/sandbox/auditory-object-scenes-data/bids_workdir/fmriprep_23_2_wf/sub_pp03_wf/bold_task_audlocalizer_run_03_wf/bold_fit_wf/enhance_and_skullstrip_bold_wf/skullstrip_second_pass".
260514-00:12:42,771 nipype.workflow INFO:
	 [Node] Setting-up "fmriprep_23_2_wf.sub_pp03_wf.bold_task_audlocalizer_run_01_wf.bold_fit_wf.enhance_and_skullstrip_bold_wf.apply_mask" in "/gpfs/milgram/scratch60/turk-browne/aa2842/sandbox/auditory-object-scenes-data/bids_workdir/fmriprep_23_2_wf/sub_pp03_wf/bold_task_audlocalizer_run_01_wf/bold_fit_wf/enhance_and_skullstrip_bold_wf/apply_mask".
260514-00:12:42,774 nipype.workflow INFO:
	 [Node] Executing "mrg_target" <nipype.interfaces.utility.base.Merge>
260514-00:12:42,774 nipype.workflow INFO:
	 [Node] Executing "skullstrip_second_pass" <nipype.interfaces.afni.preprocess.Automask>
260514-00:12:42,774 nipype.workflow INFO:
	 [Node] Finished "mrg_target", elapsed time 0.00016s.
260514-00:12:42,775 nipype.workflow INFO:
	 [Node] Executing "apply_mask" <niworkflows.interfaces.nibabel.ApplyMask>
260514-00:12:42,818 nipype.workflow INFO:
	 [Node] Setting-up "fmriprep_23_2_wf.sub_pp03_wf.bold_task_vislocalizer_wf.bold_fit_wf.enhance_and_skullstrip_bold_wf.combine_masks" in "/gpfs/milgram/scratch60/turk-browne/aa2842/sandbox/auditory-object-scenes-data/bids_workdir/fmriprep_23_2_wf/sub_pp03_wf/bold_task_vislocalizer_wf/bold_fit_wf/enhance_and_skullstrip_bold_wf/combine_masks".
260514-00:12:42,821 nipype.workflow INFO:
	 [Node] Executing "combine_masks" <nipype.interfaces.fsl.maths.BinaryMaths>
260514-00:12:42,914 nipype.workflow INFO:
	 [Node] Finished "apply_mask", elapsed time 0.138969s.
260514-00:12:42,923 nipype.workflow INFO:
	 [Node] Finished "combine_masks", elapsed time 0.100975s.
260514-00:12:43,396 nipype.workflow INFO:
	 [Node] Finished "skullstrip_second_pass", elapsed time 0.621144s.
260514-00:12:44,785 nipype.workflow INFO:
	 [Node] Setting-up "fmriprep_23_2_wf.sub_pp03_wf.anat_fit_wf.brain_extraction_wf.norm" in "/gpfs/milgram/scratch60/turk-browne/aa2842/sandbox/auditory-object-scenes-data/bids_workdir/fmriprep_23_2_wf/sub_pp03_wf/anat_fit_wf/brain_extraction_wf/norm".
260514-00:12:44,793 nipype.workflow INFO:
	 [Node] Executing "norm" <niworkflows.interfaces.fixes.FixHeaderRegistration>
260514-00:17:53,579 nipype.workflow INFO:
	 [Node] Finished "norm", elapsed time 308.668452s.
260514-00:17:55,88 nipype.workflow INFO:
	 [Node] Setting-up "fmriprep_23_2_wf.sub_pp03_wf.anat_fit_wf.brain_extraction_wf.map_brainmask" in "/gpfs/milgram/scratch60/turk-browne/aa2842/sandbox/auditory-object-scenes-data/bids_workdir/fmriprep_23_2_wf/sub_pp03_wf/anat_fit_wf/brain_extraction_wf/map_brainmask".
260514-00:17:55,88 nipype.workflow INFO:
	 [Node] Setting-up "fmriprep_23_2_wf.sub_pp03_wf.anat_fit_wf.brain_extraction_wf.map_wmmask" in "/gpfs/milgram/scratch60/turk-browne/aa2842/sandbox/auditory-object-scenes-data/bids_workdir/fmriprep_23_2_wf/sub_pp03_wf/anat_fit_wf/brain_extraction_wf/map_wmmask".
260514-00:17:55,88 nipype.workflow INFO:
	 [Node] Setting-up "fmriprep_23_2_wf.sub_pp03_wf.bold_task_audlocalizer_run_03_wf.bold_fit_wf.enhance_and_skullstrip_bold_wf.fixhdr_skullstrip2" in "/gpfs/milgram/scratch60/turk-browne/aa2842/sandbox/auditory-object-scenes-data/bids_workdir/fmriprep_23_2_wf/sub_pp03_wf/bold_task_audlocalizer_run_03_wf/bold_fit_wf/enhance_and_skullstrip_bold_wf/fixhdr_skullstrip2".
260514-00:17:55,89 nipype.workflow INFO:
	 [Node] Setting-up "fmriprep_23_2_wf.sub_pp03_wf.bold_task_vislocalizer_wf.bold_fit_wf.enhance_and_skullstrip_bold_wf.apply_mask" in "/gpfs/milgram/scratch60/turk-browne/aa2842/sandbox/auditory-object-scenes-data/bids_workdir/fmriprep_23_2_wf/sub_pp03_wf/bold_task_vislocalizer_wf/bold_fit_wf/enhance_and_skullstrip_bold_wf/apply_mask".
260514-00:17:55,92 nipype.workflow INFO:
	 [Node] Executing "fixhdr_skullstrip2" <niworkflows.interfaces.header.CopyXForm>
260514-00:17:55,92 nipype.workflow INFO:
	 [Node] Executing "apply_mask" <niworkflows.interfaces.nibabel.ApplyMask>
260514-00:17:55,93 nipype.workflow INFO:
	 [Node] Executing "map_brainmask" <niworkflows.interfaces.fixes.FixHeaderApplyTransforms>
260514-00:17:55,97 nipype.workflow INFO:
	 [Node] Executing "map_wmmask" <niworkflows.interfaces.fixes.FixHeaderApplyTransforms>
260514-00:17:55,144 nipype.workflow INFO:
	 [Node] Finished "fixhdr_skullstrip2", elapsed time 0.051248s.
260514-00:17:55,234 nipype.workflow INFO:
	 [Node] Finished "apply_mask", elapsed time 0.140558s.
260514-00:17:57,87 nipype.workflow INFO:
	 [Node] Setting-up "fmriprep_23_2_wf.sub_pp03_wf.bold_task_audlocalizer_run_03_wf.bold_fit_wf.enhance_and_skullstrip_bold_wf.combine_masks" in "/gpfs/milgram/scratch60/turk-browne/aa2842/sandbox/auditory-object-scenes-data/bids_workdir/fmriprep_23_2_wf/sub_pp03_wf/bold_task_audlocalizer_run_03_wf/bold_fit_wf/enhance_and_skullstrip_bold_wf/combine_masks".
260514-00:17:57,90 nipype.workflow INFO:
	 [Node] Executing "combine_masks" <nipype.interfaces.fsl.maths.BinaryMaths>
260514-00:17:57,222 nipype.workflow INFO:
	 [Node] Finished "combine_masks", elapsed time 0.131245s.
260514-00:17:59,91 nipype.workflow INFO:
	 [Node] Setting-up "fmriprep_23_2_wf.sub_pp03_wf.bold_task_audlocalizer_run_03_wf.bold_fit_wf.enhance_and_skullstrip_bold_wf.apply_mask" in "/gpfs/milgram/scratch60/turk-browne/aa2842/sandbox/auditory-object-scenes-data/bids_workdir/fmriprep_23_2_wf/sub_pp03_wf/bold_task_audlocalizer_run_03_wf/bold_fit_wf/enhance_and_skullstrip_bold_wf/apply_mask".
260514-00:17:59,94 nipype.workflow INFO:
	 [Node] Executing "apply_mask" <niworkflows.interfaces.nibabel.ApplyMask>
260514-00:17:59,229 nipype.workflow INFO:
	 [Node] Finished "apply_mask", elapsed time 0.135188s.
260514-00:18:18,679 nipype.workflow INFO:
	 [Node] Finished "map_brainmask", elapsed time 23.58542s.
260514-00:18:19,112 nipype.workflow INFO:
	 [Node] Setting-up "fmriprep_23_2_wf.sub_pp03_wf.anat_fit_wf.brain_extraction_wf.thr_brainmask" in "/gpfs/milgram/scratch60/turk-browne/aa2842/sandbox/auditory-object-scenes-data/bids_workdir/fmriprep_23_2_wf/sub_pp03_wf/anat_fit_wf/brain_extraction_wf/thr_brainmask".
260514-00:18:19,115 nipype.workflow INFO:
	 [Node] Executing "thr_brainmask" <nipype.interfaces.ants.utils.ThresholdImage>
260514-00:18:19,123 nipype.workflow INFO:
	 [Node] Finished "map_wmmask", elapsed time 24.025268s.
260514-00:18:20,238 nipype.workflow INFO:
	 [Node] Finished "thr_brainmask", elapsed time 1.122444s.
260514-00:18:21,120 nipype.workflow INFO:
	 [Node] Setting-up "_inu_n4_final0" in "/gpfs/milgram/scratch60/turk-browne/aa2842/sandbox/auditory-object-scenes-data/bids_workdir/fmriprep_23_2_wf/sub_pp03_wf/anat_fit_wf/brain_extraction_wf/inu_n4_final/mapflow/_inu_n4_final0".
260514-00:18:21,123 nipype.workflow INFO:
	 [Node] Executing "_inu_n4_final0" <nipype.interfaces.ants.segmentation.N4BiasFieldCorrection>
260514-00:18:32,149 nipype.workflow INFO:
	 [Node] Finished "_inu_n4_final0", elapsed time 11.025477s.
260514-00:18:33,128 nipype.workflow INFO:
	 [Node] Setting-up "fmriprep_23_2_wf.sub_pp03_wf.anat_fit_wf.brain_extraction_wf.atropos_wf.dil_brainmask" in "/gpfs/milgram/scratch60/turk-browne/aa2842/sandbox/auditory-object-scenes-data/bids_workdir/fmriprep_23_2_wf/sub_pp03_wf/anat_fit_wf/brain_extraction_wf/atropos_wf/dil_brainmask".
260514-00:18:33,128 nipype.workflow INFO:
	 [Node] Setting-up "fmriprep_23_2_wf.sub_pp03_wf.anat_fit_wf.brain_extraction_wf.atropos_wf.03_pad_mask" in "/gpfs/milgram/scratch60/turk-browne/aa2842/sandbox/auditory-object-scenes-data/bids_workdir/fmriprep_23_2_wf/sub_pp03_wf/anat_fit_wf/brain_extraction_wf/atropos_wf/03_pad_mask".
260514-00:18:33,132 nipype.workflow INFO:
	 [Node] Executing "dil_brainmask" <nipype.interfaces.ants.utils.ImageMath>
260514-00:18:33,132 nipype.workflow INFO:
	 [Node] Executing "03_pad_mask" <nipype.interfaces.ants.utils.ImageMath>
260514-00:18:33,133 nipype.workflow INFO:
	 [Node] Setting-up "_apply_mask0" in "/gpfs/milgram/scratch60/turk-browne/aa2842/sandbox/auditory-object-scenes-data/bids_workdir/fmriprep_23_2_wf/sub_pp03_wf/anat_fit_wf/brain_extraction_wf/apply_mask/mapflow/_apply_mask0".
260514-00:18:33,136 nipype.workflow INFO:
	 [Node] Executing "_apply_mask0" <niworkflows.interfaces.nibabel.ApplyMask>
260514-00:18:33,425 nipype.workflow INFO:
	 [Node] Finished "_apply_mask0", elapsed time 0.288805s.
260514-00:18:34,43 nipype.workflow INFO:
	 [Node] Finished "03_pad_mask", elapsed time 0.910355s.
260514-00:18:34,771 nipype.workflow INFO:
	 [Node] Finished "dil_brainmask", elapsed time 1.638573s.
260514-00:18:35,116 nipype.workflow INFO:
	 [Node] Setting-up "fmriprep_23_2_wf.sub_pp03_wf.anat_fit_wf.brain_extraction_wf.atropos_wf.get_brainmask" in "/gpfs/milgram/scratch60/turk-browne/aa2842/sandbox/auditory-object-scenes-data/bids_workdir/fmriprep_23_2_wf/sub_pp03_wf/anat_fit_wf/brain_extraction_wf/atropos_wf/get_brainmask".
260514-00:18:35,119 nipype.workflow INFO:
	 [Node] Executing "get_brainmask" <nipype.interfaces.ants.utils.ImageMath>
260514-00:18:36,610 nipype.workflow INFO:
	 [Node] Finished "get_brainmask", elapsed time 1.49009s.
260514-00:18:37,114 nipype.workflow INFO:
	 [Node] Setting-up "fmriprep_23_2_wf.sub_pp03_wf.anat_fit_wf.brain_extraction_wf.atropos_wf.01_atropos" in "/gpfs/milgram/scratch60/turk-browne/aa2842/sandbox/auditory-object-scenes-data/bids_workdir/fmriprep_23_2_wf/sub_pp03_wf/anat_fit_wf/brain_extraction_wf/atropos_wf/01_atropos".
260514-00:18:37,118 nipype.workflow INFO:
	 [Node] Executing "01_atropos" <nipype.interfaces.ants.segmentation.Atropos>
260514-00:19:16,734 nipype.workflow INFO:
	 [Node] Finished "01_atropos", elapsed time 39.615485s.
260514-00:19:17,145 nipype.workflow INFO:
	 [Node] Setting-up "fmriprep_23_2_wf.sub_pp03_wf.anat_fit_wf.brain_extraction_wf.atropos_wf.02_pad_segm" in "/gpfs/milgram/scratch60/turk-browne/aa2842/sandbox/auditory-object-scenes-data/bids_workdir/fmriprep_23_2_wf/sub_pp03_wf/anat_fit_wf/brain_extraction_wf/atropos_wf/02_pad_segm".
260514-00:19:17,148 nipype.workflow INFO:
	 [Node] Executing "02_pad_segm" <nipype.interfaces.ants.utils.ImageMath>
260514-00:19:17,586 nipype.workflow INFO:
	 [Node] Finished "02_pad_segm", elapsed time 0.437194s.
260514-00:19:19,146 nipype.workflow INFO:
	 [Node] Setting-up "fmriprep_23_2_wf.sub_pp03_wf.anat_fit_wf.brain_extraction_wf.atropos_wf.04_sel_labels" in "/gpfs/milgram/scratch60/turk-browne/aa2842/sandbox/auditory-object-scenes-data/bids_workdir/fmriprep_23_2_wf/sub_pp03_wf/anat_fit_wf/brain_extraction_wf/atropos_wf/04_sel_labels".
260514-00:19:19,149 nipype.workflow INFO:
	 [Node] Executing "04_sel_labels" <nipype.interfaces.utility.wrappers.Function>
260514-00:19:19,465 nipype.workflow INFO:
	 [Node] Finished "04_sel_labels", elapsed time 0.315026s.
260514-00:19:22,640 nipype.workflow INFO:
	 [Node] Setting-up "fmriprep_23_2_wf.sub_pp03_wf.anat_fit_wf.brain_extraction_wf.atropos_wf.05_get_wm" in "/gpfs/milgram/scratch60/turk-browne/aa2842/sandbox/auditory-object-scenes-data/bids_workdir/fmriprep_23_2_wf/sub_pp03_wf/anat_fit_wf/brain_extraction_wf/atropos_wf/05_get_wm".
260514-00:19:22,640 nipype.workflow INFO:
	 [Node] Setting-up "fmriprep_23_2_wf.sub_pp03_wf.anat_fit_wf.brain_extraction_wf.atropos_wf.06_get_gm" in "/gpfs/milgram/scratch60/turk-browne/aa2842/sandbox/auditory-object-scenes-data/bids_workdir/fmriprep_23_2_wf/sub_pp03_wf/anat_fit_wf/brain_extraction_wf/atropos_wf/06_get_gm".
260514-00:19:22,640 nipype.workflow INFO:
	 [Node] Setting-up "fmriprep_23_2_wf.sub_pp03_wf.anat_fit_wf.brain_extraction_wf.atropos_wf.10_me_csf" in "/gpfs/milgram/scratch60/turk-browne/aa2842/sandbox/auditory-object-scenes-data/bids_workdir/fmriprep_23_2_wf/sub_pp03_wf/anat_fit_wf/brain_extraction_wf/atropos_wf/10_me_csf".
260514-00:19:22,640 nipype.workflow INFO:
	 [Node] Setting-up "fmriprep_23_2_wf.sub_pp03_wf.anat_fit_wf.brain_extraction_wf.atropos_wf.27_depad_csf" in "/gpfs/milgram/scratch60/turk-browne/aa2842/sandbox/auditory-object-scenes-data/bids_workdir/fmriprep_23_2_wf/sub_pp03_wf/anat_fit_wf/brain_extraction_wf/atropos_wf/27_depad_csf".
260514-00:19:22,643 nipype.workflow INFO:
	 [Node] Executing "05_get_wm" <nipype.interfaces.ants.utils.ImageMath>
260514-00:19:22,643 nipype.workflow INFO:
	 [Node] Executing "06_get_gm" <nipype.interfaces.ants.utils.ImageMath>
260514-00:19:22,644 nipype.workflow INFO:
	 [Node] Executing "27_depad_csf" <nipype.interfaces.ants.utils.ImageMath>
260514-00:19:22,644 nipype.workflow INFO:
	 [Node] Executing "10_me_csf" <nipype.interfaces.ants.utils.ImageMath>
260514-00:19:23,72 nipype.workflow INFO:
	 [Node] Finished "27_depad_csf", elapsed time 0.427755s.
260514-00:19:23,795 nipype.workflow INFO:
	 [Node] Finished "06_get_gm", elapsed time 1.1507290000000001s.
260514-00:19:23,821 nipype.workflow INFO:
	 [Node] Finished "05_get_wm", elapsed time 1.177731s.
260514-00:19:24,653 nipype.workflow INFO:
	 [Node] Setting-up "fmriprep_23_2_wf.sub_pp03_wf.anat_fit_wf.brain_extraction_wf.atropos_wf.09_relabel_wm" in "/gpfs/milgram/scratch60/turk-browne/aa2842/sandbox/auditory-object-scenes-data/bids_workdir/fmriprep_23_2_wf/sub_pp03_wf/anat_fit_wf/brain_extraction_wf/atropos_wf/09_relabel_wm".
260514-00:19:24,654 nipype.workflow INFO:
	 [Node] Setting-up "fmriprep_23_2_wf.sub_pp03_wf.anat_fit_wf.brain_extraction_wf.atropos_wf.07_fill_gm" in "/gpfs/milgram/scratch60/turk-browne/aa2842/sandbox/auditory-object-scenes-data/bids_workdir/fmriprep_23_2_wf/sub_pp03_wf/anat_fit_wf/brain_extraction_wf/atropos_wf/07_fill_gm".
260514-00:19:24,657 nipype.workflow INFO:
	 [Node] Executing "09_relabel_wm" <nipype.interfaces.ants.utils.MultiplyImages>
260514-00:19:24,657 nipype.workflow INFO:
	 [Node] Executing "07_fill_gm" <nipype.interfaces.ants.utils.ImageMath>
260514-00:19:25,510 nipype.workflow INFO:
	 [Node] Finished "09_relabel_wm", elapsed time 0.852209s.
260514-00:19:26,641 nipype.workflow INFO:
	 [Node] Finished "10_me_csf", elapsed time 3.9965260000000002s.
260514-00:19:26,679 nipype.workflow INFO:
	 [Node] Setting-up "fmriprep_23_2_wf.sub_pp03_wf.anat_fit_wf.brain_extraction_wf.atropos_wf.26_depad_wm" in "/gpfs/milgram/scratch60/turk-browne/aa2842/sandbox/auditory-object-scenes-data/bids_workdir/fmriprep_23_2_wf/sub_pp03_wf/anat_fit_wf/brain_extraction_wf/atropos_wf/26_depad_wm".
260514-00:19:26,679 nipype.workflow INFO:
	 [Node] Setting-up "fmriprep_23_2_wf.sub_pp03_wf.anat_fit_wf.brain_extraction_wf.atropos_wf.apply_wm_prior" in "/gpfs/milgram/scratch60/turk-browne/aa2842/sandbox/auditory-object-scenes-data/bids_workdir/fmriprep_23_2_wf/sub_pp03_wf/anat_fit_wf/brain_extraction_wf/atropos_wf/apply_wm_prior".
260514-00:19:26,682 nipype.workflow INFO:
	 [Node] Executing "26_depad_wm" <nipype.interfaces.ants.utils.ImageMath>
260514-00:19:26,683 nipype.workflow INFO:
	 [Node] Executing "apply_wm_prior" <nipype.interfaces.utility.wrappers.Function>
260514-00:19:27,644 nipype.workflow INFO:
	 [Node] Finished "apply_wm_prior", elapsed time 0.960634s.
260514-00:19:27,647 nipype.workflow INFO:
	 [Node] Finished "26_depad_wm", elapsed time 0.963787s.
260514-00:19:39,572 nipype.workflow INFO:
	 [Node] Finished "07_fill_gm", elapsed time 14.913807s.
260514-00:19:40,667 nipype.workflow INFO:
	 [Node] Setting-up "fmriprep_23_2_wf.sub_pp03_wf.anat_fit_wf.brain_extraction_wf.atropos_wf.08_mult_gm" in "/gpfs/milgram/scratch60/turk-browne/aa2842/sandbox/auditory-object-scenes-data/bids_workdir/fmriprep_23_2_wf/sub_pp03_wf/anat_fit_wf/brain_extraction_wf/atropos_wf/08_mult_gm".
260514-00:19:40,672 nipype.workflow INFO:
	 [Node] Executing "08_mult_gm" <nipype.interfaces.ants.utils.MultiplyImages>
260514-00:19:41,697 nipype.workflow INFO:
	 [Node] Finished "08_mult_gm", elapsed time 1.0245630000000001s.
260514-00:19:42,670 nipype.workflow INFO:
	 [Node] Setting-up "fmriprep_23_2_wf.sub_pp03_wf.anat_fit_wf.brain_extraction_wf.atropos_wf.11_add_gm" in "/gpfs/milgram/scratch60/turk-browne/aa2842/sandbox/auditory-object-scenes-data/bids_workdir/fmriprep_23_2_wf/sub_pp03_wf/anat_fit_wf/brain_extraction_wf/atropos_wf/11_add_gm".
260514-00:19:42,674 nipype.workflow INFO:
	 [Node] Executing "11_add_gm" <nipype.interfaces.ants.utils.ImageMath>
260514-00:19:44,602 nipype.workflow INFO:
	 [Node] Finished "11_add_gm", elapsed time 1.927819s.
260514-00:19:46,679 nipype.workflow INFO:
	 [Node] Setting-up "_inu_n4_final0" in "/gpfs/milgram/scratch60/turk-browne/aa2842/sandbox/auditory-object-scenes-data/bids_workdir/fmriprep_23_2_wf/sub_pp03_wf/anat_fit_wf/brain_extraction_wf/atropos_wf/inu_n4_final/mapflow/_inu_n4_final0".
260514-00:19:46,681 nipype.workflow INFO:
	 [Node] Executing "_inu_n4_final0" <nipype.interfaces.ants.segmentation.N4BiasFieldCorrection>
260514-00:19:58,115 nipype.workflow INFO:
	 [Node] Finished "_inu_n4_final0", elapsed time 11.432826s.
260514-00:19:58,685 nipype.workflow INFO:
	 [Node] Setting-up "fmriprep_23_2_wf.sub_pp03_wf.anat_fit_wf.brain_extraction_wf.atropos_wf.12_relabel_gm" in "/gpfs/milgram/scratch60/turk-browne/aa2842/sandbox/auditory-object-scenes-data/bids_workdir/fmriprep_23_2_wf/sub_pp03_wf/anat_fit_wf/brain_extraction_wf/atropos_wf/12_relabel_gm".
260514-00:19:58,689 nipype.workflow INFO:
	 [Node] Executing "12_relabel_gm" <nipype.interfaces.ants.utils.MultiplyImages>
260514-00:19:59,577 nipype.workflow INFO:
	 [Node] Finished "12_relabel_gm", elapsed time 0.887322s.
260514-00:20:00,687 nipype.workflow INFO:
	 [Node] Setting-up "fmriprep_23_2_wf.sub_pp03_wf.anat_fit_wf.brain_extraction_wf.atropos_wf.13_add_gm_wm" in "/gpfs/milgram/scratch60/turk-browne/aa2842/sandbox/auditory-object-scenes-data/bids_workdir/fmriprep_23_2_wf/sub_pp03_wf/anat_fit_wf/brain_extraction_wf/atropos_wf/13_add_gm_wm".
260514-00:20:00,687 nipype.workflow INFO:
	 [Node] Setting-up "fmriprep_23_2_wf.sub_pp03_wf.anat_fit_wf.brain_extraction_wf.atropos_wf.25_depad_gm" in "/gpfs/milgram/scratch60/turk-browne/aa2842/sandbox/auditory-object-scenes-data/bids_workdir/fmriprep_23_2_wf/sub_pp03_wf/anat_fit_wf/brain_extraction_wf/atropos_wf/25_depad_gm".
260514-00:20:00,690 nipype.workflow INFO:
	 [Node] Executing "25_depad_gm" <nipype.interfaces.ants.utils.ImageMath>
260514-00:20:00,691 nipype.workflow INFO:
	 [Node] Executing "13_add_gm_wm" <nipype.interfaces.ants.utils.ImageMath>
260514-00:20:01,765 nipype.workflow INFO:
	 [Node] Finished "25_depad_gm", elapsed time 1.073652s.
260514-00:20:02,691 nipype.workflow INFO:
	 [Node] Setting-up "fmriprep_23_2_wf.sub_pp03_wf.anat_fit_wf.brain_extraction_wf.atropos_wf.merge_tpms" in "/gpfs/milgram/scratch60/turk-browne/aa2842/sandbox/auditory-object-scenes-data/bids_workdir/fmriprep_23_2_wf/sub_pp03_wf/anat_fit_wf/brain_extraction_wf/atropos_wf/merge_tpms".
260514-00:20:02,694 nipype.workflow INFO:
	 [Node] Executing "merge_tpms" <nipype.interfaces.utility.base.Merge>
260514-00:20:02,695 nipype.workflow INFO:
	 [Node] Finished "merge_tpms", elapsed time 0.000156s.
260514-00:20:02,750 nipype.workflow INFO:
	 [Node] Finished "13_add_gm_wm", elapsed time 2.059271s.
260514-00:20:04,689 nipype.workflow INFO:
	 [Node] Setting-up "fmriprep_23_2_wf.sub_pp03_wf.anat_fit_wf.brain_extraction_wf.atropos_wf.14_sel_labels2" in "/gpfs/milgram/scratch60/turk-browne/aa2842/sandbox/auditory-object-scenes-data/bids_workdir/fmriprep_23_2_wf/sub_pp03_wf/anat_fit_wf/brain_extraction_wf/atropos_wf/14_sel_labels2".
260514-00:20:04,689 nipype.workflow INFO:
	 [Node] Setting-up "fmriprep_23_2_wf.sub_pp03_wf.anat_fit_wf.brain_extraction_wf.atropos_wf.24_depad_segm" in "/gpfs/milgram/scratch60/turk-browne/aa2842/sandbox/auditory-object-scenes-data/bids_workdir/fmriprep_23_2_wf/sub_pp03_wf/anat_fit_wf/brain_extraction_wf/atropos_wf/24_depad_segm".
260514-00:20:04,692 nipype.workflow INFO:
	 [Node] Executing "14_sel_labels2" <nipype.interfaces.utility.wrappers.Function>
260514-00:20:04,693 nipype.workflow INFO:
	 [Node] Executing "24_depad_segm" <nipype.interfaces.ants.utils.ImageMath>
260514-00:20:04,921 nipype.workflow INFO:
	 [Node] Finished "14_sel_labels2", elapsed time 0.228488s.
260514-00:20:05,627 nipype.workflow INFO:
	 [Node] Finished "24_depad_segm", elapsed time 0.9335s.
260514-00:20:06,694 nipype.workflow INFO:
	 [Node] Setting-up "fmriprep_23_2_wf.sub_pp03_wf.anat_fit_wf.brain_extraction_wf.atropos_wf.15_add_7" in "/gpfs/milgram/scratch60/turk-browne/aa2842/sandbox/auditory-object-scenes-data/bids_workdir/fmriprep_23_2_wf/sub_pp03_wf/anat_fit_wf/brain_extraction_wf/atropos_wf/15_add_7".
260514-00:20:06,697 nipype.workflow INFO:
	 [Node] Executing "15_add_7" <nipype.interfaces.ants.utils.ImageMath>
260514-00:20:08,262 nipype.workflow INFO:
	 [Node] Finished "15_add_7", elapsed time 1.564783s.
260514-00:20:08,695 nipype.workflow INFO:
	 [Node] Setting-up "fmriprep_23_2_wf.sub_pp03_wf.anat_fit_wf.brain_extraction_wf.atropos_wf.16_me_7" in "/gpfs/milgram/scratch60/turk-browne/aa2842/sandbox/auditory-object-scenes-data/bids_workdir/fmriprep_23_2_wf/sub_pp03_wf/anat_fit_wf/brain_extraction_wf/atropos_wf/16_me_7".
260514-00:20:08,698 nipype.workflow INFO:
	 [Node] Executing "16_me_7" <nipype.interfaces.ants.utils.ImageMath>
260514-00:20:12,134 nipype.workflow INFO:
	 [Node] Finished "16_me_7", elapsed time 3.434957s.
260514-00:20:12,698 nipype.workflow INFO:
	 [Node] Setting-up "fmriprep_23_2_wf.sub_pp03_wf.anat_fit_wf.brain_extraction_wf.atropos_wf.17_comp_7" in "/gpfs/milgram/scratch60/turk-browne/aa2842/sandbox/auditory-object-scenes-data/bids_workdir/fmriprep_23_2_wf/sub_pp03_wf/anat_fit_wf/brain_extraction_wf/atropos_wf/17_comp_7".
260514-00:20:12,702 nipype.workflow INFO:
	 [Node] Executing "17_comp_7" <nipype.interfaces.ants.utils.ImageMath>
260514-00:20:14,479 nipype.workflow INFO:
	 [Node] Finished "17_comp_7", elapsed time 1.776469s.
260514-00:20:14,703 nipype.workflow INFO:
	 [Node] Setting-up "fmriprep_23_2_wf.sub_pp03_wf.anat_fit_wf.brain_extraction_wf.atropos_wf.18_md_7" in "/gpfs/milgram/scratch60/turk-browne/aa2842/sandbox/auditory-object-scenes-data/bids_workdir/fmriprep_23_2_wf/sub_pp03_wf/anat_fit_wf/brain_extraction_wf/atropos_wf/18_md_7".
260514-00:20:14,706 nipype.workflow INFO:
	 [Node] Executing "18_md_7" <nipype.interfaces.ants.utils.ImageMath>
260514-00:20:16,623 nipype.workflow INFO:
	 [Node] Finished "18_md_7", elapsed time 1.916381s.
260514-00:20:18,695 nipype.workflow INFO:
	 [Node] Setting-up "fmriprep_23_2_wf.sub_pp03_wf.anat_fit_wf.brain_extraction_wf.atropos_wf.19_fill_7" in "/gpfs/milgram/scratch60/turk-browne/aa2842/sandbox/auditory-object-scenes-data/bids_workdir/fmriprep_23_2_wf/sub_pp03_wf/anat_fit_wf/brain_extraction_wf/atropos_wf/19_fill_7".
260514-00:20:18,699 nipype.workflow INFO:
	 [Node] Executing "19_fill_7" <nipype.interfaces.ants.utils.ImageMath>
260514-00:20:33,240 nipype.workflow INFO:
	 [Node] Finished "19_fill_7", elapsed time 14.540373s.
260514-00:20:34,719 nipype.workflow INFO:
	 [Node] Setting-up "fmriprep_23_2_wf.sub_pp03_wf.anat_fit_wf.brain_extraction_wf.atropos_wf.20_add_7_2" in "/gpfs/milgram/scratch60/turk-browne/aa2842/sandbox/auditory-object-scenes-data/bids_workdir/fmriprep_23_2_wf/sub_pp03_wf/anat_fit_wf/brain_extraction_wf/atropos_wf/20_add_7_2".
260514-00:20:34,723 nipype.workflow INFO:
	 [Node] Executing "20_add_7_2" <nipype.interfaces.ants.utils.ImageMath>
260514-00:20:36,515 nipype.workflow INFO:
	 [Node] Finished "20_add_7_2", elapsed time 1.7910409999999999s.
260514-00:20:36,723 nipype.workflow INFO:
	 [Node] Setting-up "fmriprep_23_2_wf.sub_pp03_wf.anat_fit_wf.brain_extraction_wf.atropos_wf.21_md_7_2" in "/gpfs/milgram/scratch60/turk-browne/aa2842/sandbox/auditory-object-scenes-data/bids_workdir/fmriprep_23_2_wf/sub_pp03_wf/anat_fit_wf/brain_extraction_wf/atropos_wf/21_md_7_2".
260514-00:20:36,726 nipype.workflow INFO:
	 [Node] Executing "21_md_7_2" <nipype.interfaces.ants.utils.ImageMath>
260514-00:20:38,651 nipype.workflow INFO:
	 [Node] Finished "21_md_7_2", elapsed time 1.924197s.
260514-00:20:40,717 nipype.workflow INFO:
	 [Node] Setting-up "fmriprep_23_2_wf.sub_pp03_wf.anat_fit_wf.brain_extraction_wf.atropos_wf.22_me_7_2" in "/gpfs/milgram/scratch60/turk-browne/aa2842/sandbox/auditory-object-scenes-data/bids_workdir/fmriprep_23_2_wf/sub_pp03_wf/anat_fit_wf/brain_extraction_wf/atropos_wf/22_me_7_2".
260514-00:20:40,720 nipype.workflow INFO:
	 [Node] Executing "22_me_7_2" <nipype.interfaces.ants.utils.ImageMath>
260514-00:20:44,179 nipype.workflow INFO:
	 [Node] Finished "22_me_7_2", elapsed time 3.4575649999999998s.
260514-00:20:44,729 nipype.workflow INFO:
	 [Node] Setting-up "fmriprep_23_2_wf.sub_pp03_wf.anat_fit_wf.brain_extraction_wf.atropos_wf.23_depad_mask" in "/gpfs/milgram/scratch60/turk-browne/aa2842/sandbox/auditory-object-scenes-data/bids_workdir/fmriprep_23_2_wf/sub_pp03_wf/anat_fit_wf/brain_extraction_wf/atropos_wf/23_depad_mask".
260514-00:20:44,734 nipype.workflow INFO:
	 [Node] Executing "23_depad_mask" <nipype.interfaces.ants.utils.ImageMath>
260514-00:20:45,585 nipype.workflow INFO:
	 [Node] Finished "23_depad_mask", elapsed time 0.851058s.
260514-00:20:46,732 nipype.workflow INFO:
	 [Node] Setting-up "fmriprep_23_2_wf.sub_pp03_wf.anat_fit_wf.brain_extraction_wf.atropos_wf.msk_conform" in "/gpfs/milgram/scratch60/turk-browne/aa2842/sandbox/auditory-object-scenes-data/bids_workdir/fmriprep_23_2_wf/sub_pp03_wf/anat_fit_wf/brain_extraction_wf/atropos_wf/msk_conform".
260514-00:20:46,736 nipype.workflow INFO:
	 [Node] Executing "msk_conform" <nipype.interfaces.utility.wrappers.Function>
260514-00:20:47,9 nipype.workflow INFO:
	 [Node] Finished "msk_conform", elapsed time 0.272818s.
260514-00:20:51,85 nipype.workflow INFO:
	 [Node] Setting-up "_runwise_avg0" in "/gpfs/milgram/scratch60/turk-browne/aa2842/sandbox/auditory-object-scenes-data/bids_workdir/fmriprep_23_2_wf/sub_pp03_wf/fmap_preproc_wf/wf_auto_00000/runwise_avg/mapflow/_runwise_avg0".
260514-00:20:51,88 nipype.workflow INFO:
	 [Node] Executing "_runwise_avg0" <niworkflows.interfaces.images.RobustAverage>
260514-00:20:51,289 nipype.interface INFO:
	 stderr 2026-05-14T00:20:51.289220:++ 3dvolreg: AFNI version=AFNI_24.0.10 (Mar  5 2024) [64-bit]
260514-00:20:51,289 nipype.interface INFO:
	 stderr 2026-05-14T00:20:51.289220:++ Authored by: RW Cox
260514-00:20:51,289 nipype.interface INFO:
	 stderr 2026-05-14T00:20:51.289593:** AFNI converts NIFTI_datatype=4 (INT16) in file /gpfs/milgram/scratch60/turk-browne/aa2842/sandbox/auditory-object-scenes-data/bids_workdir/fmriprep_23_2_wf/sub_pp03_wf/fmap_preproc_wf/wf_auto_00000/runwise_avg/mapflow/_runwise_avg0/sub-pp03_dir-AP_epi_sliced.nii to FLOAT32
260514-00:20:51,289 nipype.interface INFO:
	 stderr 2026-05-14T00:20:51.289593:     Warnings of this type will be muted for this session.
260514-00:20:51,289 nipype.interface INFO:
	 stderr 2026-05-14T00:20:51.289593:     Set AFNI_NIFTI_TYPE_WARN to YES to see them all, NO to see none.
260514-00:20:51,289 nipype.interface INFO:
	 stderr 2026-05-14T00:20:51.289874:[7m*+ WARNING:[0m   If you are performing spatial transformations on an oblique dset,
260514-00:20:51,289 nipype.interface INFO:
	 stderr 2026-05-14T00:20:51.289874:  such as /gpfs/milgram/scratch60/turk-browne/aa2842/sandbox/auditory-object-scenes-data/bids_workdir/fmriprep_23_2_wf/sub_pp03_wf/fmap_preproc_wf/wf_auto_00000/runwise_avg/mapflow/_runwise_avg0/sub-pp03_dir-AP_epi_sliced.nii,
260514-00:20:51,289 nipype.interface INFO:
	 stderr 2026-05-14T00:20:51.289874:  or viewing/combining it with volumes of differing obliquity,
260514-00:20:51,289 nipype.interface INFO:
	 stderr 2026-05-14T00:20:51.289874:  you should consider running: 
260514-00:20:51,289 nipype.interface INFO:
	 stderr 2026-05-14T00:20:51.289874:     3dWarp -deoblique 
260514-00:20:51,289 nipype.interface INFO:
	 stderr 2026-05-14T00:20:51.289874:  on this and  other oblique datasets in the same session.
260514-00:20:51,289 nipype.interface INFO:
	 stderr 2026-05-14T00:20:51.289874: See 3dWarp -help for details.
260514-00:20:51,290 nipype.interface INFO:
	 stderr 2026-05-14T00:20:51.289874:++ Oblique dataset:/gpfs/milgram/scratch60/turk-browne/aa2842/sandbox/auditory-object-scenes-data/bids_workdir/fmriprep_23_2_wf/sub_pp03_wf/fmap_preproc_wf/wf_auto_00000/runwise_avg/mapflow/_runwise_avg0/sub-pp03_dir-AP_epi_sliced.nii is 1.866659 degrees from plumb.
260514-00:20:51,290 nipype.interface INFO:
	 stderr 2026-05-14T00:20:51.290327:++ Coarse del was 10, replaced with 9
260514-00:21:02,235 nipype.interface INFO:
	 stderr 2026-05-14T00:21:02.235656:++ Max displacement in automask = 0.45 (mm) at sub-brick 2
260514-00:21:02,235 nipype.interface INFO:
	 stderr 2026-05-14T00:21:02.235656:++ Max delta displ  in automask = 0.26 (mm) at sub-brick 1
260514-00:21:03,462 nipype.workflow INFO:
	 [Node] Finished "_runwise_avg0", elapsed time 12.373194s.
260514-00:21:05,248 nipype.workflow INFO:
	 [Node] Setting-up "_apply_mask0" in "/gpfs/milgram/scratch60/turk-browne/aa2842/sandbox/auditory-object-scenes-data/bids_workdir/fmriprep_23_2_wf/sub_pp03_wf/anat_fit_wf/brain_extraction_wf/atropos_wf/apply_mask/mapflow/_apply_mask0".
260514-00:21:05,264 nipype.workflow INFO:
	 [Node] Executing "_apply_mask0" <niworkflows.interfaces.nibabel.ApplyMask>
260514-00:21:05,543 nipype.workflow INFO:
	 [Node] Finished "_apply_mask0", elapsed time 0.278375s.
260514-00:21:09,314 nipype.workflow INFO:
	 [Node] Setting-up "fmriprep_23_2_wf.sub_pp03_wf.anat_fit_wf.register_template_wf.trunc_mov" in "/gpfs/milgram/scratch60/turk-browne/aa2842/sandbox/auditory-object-scenes-data/bids_workdir/fmriprep_23_2_wf/sub_pp03_wf/anat_fit_wf/register_template_wf/_template_MNI152Lin/trunc_mov".
260514-00:21:09,315 nipype.workflow INFO:
	 [Node] Setting-up "fmriprep_23_2_wf.sub_pp03_wf.anat_fit_wf.register_template_wf.trunc_mov" in "/gpfs/milgram/scratch60/turk-browne/aa2842/sandbox/auditory-object-scenes-data/bids_workdir/fmriprep_23_2_wf/sub_pp03_wf/anat_fit_wf/register_template_wf/_template_MNI152NLin2009cAsym/trunc_mov".
260514-00:21:09,318 nipype.workflow INFO:
	 [Node] Executing "trunc_mov" <nipype.interfaces.ants.utils.ImageMath>
260514-00:21:09,318 nipype.workflow INFO:
	 [Node] Executing "trunc_mov" <nipype.interfaces.ants.utils.ImageMath>
260514-00:21:09,478 nipype.workflow INFO:
	 [Node] Setting-up "fmriprep_23_2_wf.sub_pp03_wf.ds_std_volumes_wf.gen_ref" in "/gpfs/milgram/scratch60/turk-browne/aa2842/sandbox/auditory-object-scenes-data/bids_workdir/fmriprep_23_2_wf/sub_pp03_wf/ds_std_volumes_wf/_in_tuple_MNI152Lin.resnative/gen_ref".
260514-00:21:09,478 nipype.workflow INFO:
	 [Node] Setting-up "fmriprep_23_2_wf.sub_pp03_wf.ds_std_volumes_wf.gen_ref" in "/gpfs/milgram/scratch60/turk-browne/aa2842/sandbox/auditory-object-scenes-data/bids_workdir/fmriprep_23_2_wf/sub_pp03_wf/ds_std_volumes_wf/_in_tuple_MNI152NLin2009cAsym.resnative/gen_ref".
260514-00:21:09,482 nipype.workflow INFO:
	 [Node] Executing "gen_ref" <niworkflows.interfaces.nibabel.GenerateSamplingReference>
260514-00:21:10,113 nipype.workflow INFO:
	 [Node] Executing "gen_ref" <niworkflows.interfaces.nibabel.GenerateSamplingReference>
260514-00:21:10,761 nipype.workflow INFO:
	 [Node] Finished "trunc_mov", elapsed time 1.443088s.
260514-00:21:10,788 nipype.workflow INFO:
	 [Node] Finished "trunc_mov", elapsed time 1.469425s.
260514-00:21:10,991 nipype.workflow INFO:
	 [Node] Finished "gen_ref", elapsed time 1.5084119999999999s.
260514-00:21:11,550 nipype.workflow INFO:
	 [Node] Finished "gen_ref", elapsed time 1.435522s.
260514-00:21:13,456 nipype.workflow INFO:
	 [Node] Setting-up "_runwise_avg1" in "/gpfs/milgram/scratch60/turk-browne/aa2842/sandbox/auditory-object-scenes-data/bids_workdir/fmriprep_23_2_wf/sub_pp03_wf/fmap_preproc_wf/wf_auto_00000/runwise_avg/mapflow/_runwise_avg1".
260514-00:21:13,459 nipype.workflow INFO:
	 [Node] Executing "_runwise_avg1" <niworkflows.interfaces.images.RobustAverage>
260514-00:21:13,634 nipype.interface INFO:
	 stderr 2026-05-14T00:21:13.634923:++ 3dvolreg: AFNI version=AFNI_24.0.10 (Mar  5 2024) [64-bit]
260514-00:21:13,635 nipype.interface INFO:
	 stderr 2026-05-14T00:21:13.634923:++ Authored by: RW Cox
260514-00:21:13,635 nipype.interface INFO:
	 stderr 2026-05-14T00:21:13.635232:** AFNI converts NIFTI_datatype=4 (INT16) in file /gpfs/milgram/scratch60/turk-browne/aa2842/sandbox/auditory-object-scenes-data/bids_workdir/fmriprep_23_2_wf/sub_pp03_wf/fmap_preproc_wf/wf_auto_00000/runwise_avg/mapflow/_runwise_avg1/sub-pp03_dir-PA_epi_sliced.nii to FLOAT32
260514-00:21:13,635 nipype.interface INFO:
	 stderr 2026-05-14T00:21:13.635232:     Warnings of this type will be muted for this session.
260514-00:21:13,635 nipype.interface INFO:
	 stderr 2026-05-14T00:21:13.635232:     Set AFNI_NIFTI_TYPE_WARN to YES to see them all, NO to see none.
260514-00:21:13,635 nipype.interface INFO:
	 stderr 2026-05-14T00:21:13.635542:[7m*+ WARNING:[0m   If you are performing spatial transformations on an oblique dset,
260514-00:21:13,635 nipype.interface INFO:
	 stderr 2026-05-14T00:21:13.635542:  such as /gpfs/milgram/scratch60/turk-browne/aa2842/sandbox/auditory-object-scenes-data/bids_workdir/fmriprep_23_2_wf/sub_pp03_wf/fmap_preproc_wf/wf_auto_00000/runwise_avg/mapflow/_runwise_avg1/sub-pp03_dir-PA_epi_sliced.nii,
260514-00:21:13,635 nipype.interface INFO:
	 stderr 2026-05-14T00:21:13.635542:  or viewing/combining it with volumes of differing obliquity,
260514-00:21:13,635 nipype.interface INFO:
	 stderr 2026-05-14T00:21:13.635542:  you should consider running: 
260514-00:21:13,635 nipype.interface INFO:
	 stderr 2026-05-14T00:21:13.635542:     3dWarp -deoblique 
260514-00:21:13,635 nipype.interface INFO:
	 stderr 2026-05-14T00:21:13.635542:  on this and  other oblique datasets in the same session.
260514-00:21:13,635 nipype.interface INFO:
	 stderr 2026-05-14T00:21:13.635542: See 3dWarp -help for details.
260514-00:21:13,635 nipype.interface INFO:
	 stderr 2026-05-14T00:21:13.635542:++ Oblique dataset:/gpfs/milgram/scratch60/turk-browne/aa2842/sandbox/auditory-object-scenes-data/bids_workdir/fmriprep_23_2_wf/sub_pp03_wf/fmap_preproc_wf/wf_auto_00000/runwise_avg/mapflow/_runwise_avg1/sub-pp03_dir-PA_epi_sliced.nii is 1.866659 degrees from plumb.
260514-00:21:13,635 nipype.interface INFO:
	 stderr 2026-05-14T00:21:13.635542:++ Coarse del was 10, replaced with 9
260514-00:21:24,342 nipype.interface INFO:
	 stderr 2026-05-14T00:21:24.342120:++ Max displacement in automask = 0.61 (mm) at sub-brick 2
260514-00:21:24,342 nipype.interface INFO:
	 stderr 2026-05-14T00:21:24.342120:++ Max delta displ  in automask = 0.63 (mm) at sub-brick 2
260514-00:21:25,532 nipype.workflow INFO:
	 [Node] Finished "_runwise_avg1", elapsed time 12.072404s.
260514-00:21:27,478 nipype.workflow INFO:
	 [Node] Setting-up "_runwise_avg0" in "/gpfs/milgram/scratch60/turk-browne/aa2842/sandbox/auditory-object-scenes-data/bids_workdir/fmriprep_23_2_wf/sub_pp03_wf/fmap_preproc_wf/wf_auto_00000/runwise_avg/mapflow/_runwise_avg0".
260514-00:21:27,479 nipype.workflow INFO:
	 [Node] Cached "_runwise_avg0" - collecting precomputed outputs
260514-00:21:27,479 nipype.workflow INFO:
	 [Node] "_runwise_avg0" found cached.
260514-00:21:27,480 nipype.workflow INFO:
	 [Node] Setting-up "_runwise_avg1" in "/gpfs/milgram/scratch60/turk-browne/aa2842/sandbox/auditory-object-scenes-data/bids_workdir/fmriprep_23_2_wf/sub_pp03_wf/fmap_preproc_wf/wf_auto_00000/runwise_avg/mapflow/_runwise_avg1".
260514-00:21:27,480 nipype.workflow INFO:
	 [Node] Cached "_runwise_avg1" - collecting precomputed outputs
260514-00:21:27,480 nipype.workflow INFO:
	 [Node] "_runwise_avg1" found cached.
260514-00:21:29,478 nipype.workflow INFO:
	 [Node] Setting-up "fmriprep_23_2_wf.sub_pp03_wf.fmap_preproc_wf.wf_auto_00000.regrid" in "/gpfs/milgram/scratch60/turk-browne/aa2842/sandbox/auditory-object-scenes-data/bids_workdir/fmriprep_23_2_wf/sub_pp03_wf/fmap_preproc_wf/wf_auto_00000/regrid".
260514-00:21:29,481 nipype.workflow INFO:
	 [Node] Executing "regrid" <sdcflows.interfaces.utils.UniformGrid>
260514-00:21:29,535 nipype.workflow INFO:
	 [Node] Finished "regrid", elapsed time 0.053452s.
260514-00:21:39,481 nipype.workflow INFO:
	 [Node] Setting-up "fmriprep_23_2_wf.sub_pp03_wf.fmap_preproc_wf.wf_auto_00000.concat_blips" in "/gpfs/milgram/scratch60/turk-browne/aa2842/sandbox/auditory-object-scenes-data/bids_workdir/fmriprep_23_2_wf/sub_pp03_wf/fmap_preproc_wf/wf_auto_00000/concat_blips".
260514-00:21:39,486 nipype.workflow INFO:
	 [Node] Executing "concat_blips" <niworkflows.interfaces.nibabel.MergeSeries>
260514-00:21:39,555 nipype.workflow INFO:
	 [Node] Finished "concat_blips", elapsed time 0.068128s.
260514-00:21:41,491 nipype.workflow INFO:
	 [Node] Setting-up "fmriprep_23_2_wf.sub_pp03_wf.fmap_preproc_wf.wf_auto_00000.pad_blip_slices" in "/gpfs/milgram/scratch60/turk-browne/aa2842/sandbox/auditory-object-scenes-data/bids_workdir/fmriprep_23_2_wf/sub_pp03_wf/fmap_preproc_wf/wf_auto_00000/pad_blip_slices".
260514-00:21:41,494 nipype.workflow INFO:
	 [Node] Executing "pad_blip_slices" <sdcflows.interfaces.utils.PadSlices>
260514-00:21:41,498 nipype.workflow INFO:
	 [Node] Finished "pad_blip_slices", elapsed time 0.002929s.
260514-00:21:43,488 nipype.workflow INFO:
	 [Node] Setting-up "fmriprep_23_2_wf.sub_pp03_wf.fmap_preproc_wf.wf_auto_00000.setwise_avg" in "/gpfs/milgram/scratch60/turk-browne/aa2842/sandbox/auditory-object-scenes-data/bids_workdir/fmriprep_23_2_wf/sub_pp03_wf/fmap_preproc_wf/wf_auto_00000/setwise_avg".
260514-00:21:43,495 nipype.workflow INFO:
	 [Node] Executing "setwise_avg" <niworkflows.interfaces.images.RobustAverage>
260514-00:21:43,606 nipype.interface INFO:
	 stderr 2026-05-14T00:21:43.606626:++ 3dvolreg: AFNI version=AFNI_24.0.10 (Mar  5 2024) [64-bit]
260514-00:21:43,606 nipype.interface INFO:
	 stderr 2026-05-14T00:21:43.606626:++ Authored by: RW Cox
260514-00:21:43,606 nipype.interface INFO:
	 stderr 2026-05-14T00:21:43.606939:** AFNI converts NIFTI_datatype=4 (INT16) in file /gpfs/milgram/scratch60/turk-browne/aa2842/sandbox/auditory-object-scenes-data/bids_workdir/fmriprep_23_2_wf/sub_pp03_wf/fmap_preproc_wf/wf_auto_00000/setwise_avg/sub-pp03_dir-PA_epi_average_regrid001_merged_sliced.nii to FLOAT32
260514-00:21:43,606 nipype.interface INFO:
	 stderr 2026-05-14T00:21:43.606979:     Warnings of this type will be muted for this session.
260514-00:21:43,607 nipype.interface INFO:
	 stderr 2026-05-14T00:21:43.606979:     Set AFNI_NIFTI_TYPE_WARN to YES to see them all, NO to see none.
260514-00:21:43,607 nipype.interface INFO:
	 stderr 2026-05-14T00:21:43.607207:[7m*+ WARNING:[0m   If you are performing spatial transformations on an oblique dset,
260514-00:21:43,607 nipype.interface INFO:
	 stderr 2026-05-14T00:21:43.607207:  such as /gpfs/milgram/scratch60/turk-browne/aa2842/sandbox/auditory-object-scenes-data/bids_workdir/fmriprep_23_2_wf/sub_pp03_wf/fmap_preproc_wf/wf_auto_00000/setwise_avg/sub-pp03_dir-PA_epi_average_regrid001_merged_sliced.nii,
260514-00:21:43,607 nipype.interface INFO:
	 stderr 2026-05-14T00:21:43.607207:  or viewing/combining it with volumes of differing obliquity,
260514-00:21:43,607 nipype.interface INFO:
	 stderr 2026-05-14T00:21:43.607207:  you should consider running: 
260514-00:21:43,607 nipype.interface INFO:
	 stderr 2026-05-14T00:21:43.607207:     3dWarp -deoblique 
260514-00:21:43,607 nipype.interface INFO:
	 stderr 2026-05-14T00:21:43.607207:  on this and  other oblique datasets in the same session.
260514-00:21:43,607 nipype.interface INFO:
	 stderr 2026-05-14T00:21:43.607207: See 3dWarp -help for details.
260514-00:21:43,607 nipype.interface INFO:
	 stderr 2026-05-14T00:21:43.607207:++ Oblique dataset:/gpfs/milgram/scratch60/turk-browne/aa2842/sandbox/auditory-object-scenes-data/bids_workdir/fmriprep_23_2_wf/sub_pp03_wf/fmap_preproc_wf/wf_auto_00000/setwise_avg/sub-pp03_dir-PA_epi_average_regrid001_merged_sliced.nii is 1.866659 degrees from plumb.
260514-00:21:43,607 nipype.interface INFO:
	 stderr 2026-05-14T00:21:43.607374:++ Coarse del was 10, replaced with 9
260514-00:21:51,677 nipype.interface INFO:
	 stderr 2026-05-14T00:21:51.677488:++ Max displacement in automask = 3.47 (mm) at sub-brick 1
260514-00:21:51,677 nipype.interface INFO:
	 stderr 2026-05-14T00:21:51.677488:++ Max delta displ  in automask = 3.47 (mm) at sub-brick 1
260514-00:21:52,543 nipype.workflow INFO:
	 [Node] Finished "setwise_avg", elapsed time 9.046811s.
260514-00:21:53,503 nipype.workflow INFO:
	 [Node] Setting-up "fmriprep_23_2_wf.sub_pp03_wf.fmap_preproc_wf.wf_auto_00000.to_las" in "/gpfs/milgram/scratch60/turk-browne/aa2842/sandbox/auditory-object-scenes-data/bids_workdir/fmriprep_23_2_wf/sub_pp03_wf/fmap_preproc_wf/wf_auto_00000/to_las".
260514-00:21:53,507 nipype.workflow INFO:
	 [Node] Executing "to_las" <sdcflows.interfaces.utils.ReorientImageAndMetadata>
260514-00:21:53,546 nipype.workflow INFO:
	 [Node] Finished "to_las", elapsed time 0.038734s.
260514-00:21:55,498 nipype.workflow INFO:
	 [Node] Setting-up "fmriprep_23_2_wf.sub_pp03_wf.fmap_preproc_wf.wf_auto_00000.topup" in "/gpfs/milgram/scratch60/turk-browne/aa2842/sandbox/auditory-object-scenes-data/bids_workdir/fmriprep_23_2_wf/sub_pp03_wf/fmap_preproc_wf/wf_auto_00000/topup".
260514-00:21:55,508 nipype.workflow INFO:
	 [Node] Executing "topup" <nipype.interfaces.fsl.epi.TOPUP>
260514-00:27:06,868 nipype.workflow INFO:
	 [Node] Finished "topup", elapsed time 311.359846s.
260514-00:27:07,990 nipype.workflow INFO:
	 [Node] Setting-up "fmriprep_23_2_wf.sub_pp03_wf.fmap_preproc_wf.wf_auto_00000.from_las" in "/gpfs/milgram/scratch60/turk-browne/aa2842/sandbox/auditory-object-scenes-data/bids_workdir/fmriprep_23_2_wf/sub_pp03_wf/fmap_preproc_wf/wf_auto_00000/from_las".
260514-00:27:07,990 nipype.workflow INFO:
	 [Node] Setting-up "fmriprep_23_2_wf.sub_pp03_wf.fmap_preproc_wf.wf_auto_00000.from_las_fmap" in "/gpfs/milgram/scratch60/turk-browne/aa2842/sandbox/auditory-object-scenes-data/bids_workdir/fmriprep_23_2_wf/sub_pp03_wf/fmap_preproc_wf/wf_auto_00000/from_las_fmap".
260514-00:27:07,994 nipype.workflow INFO:
	 [Node] Executing "from_las_fmap" <niworkflows.interfaces.nibabel.ReorientImage>
260514-00:27:07,994 nipype.workflow INFO:
	 [Node] Executing "from_las" <niworkflows.interfaces.nibabel.ReorientImage>
260514-00:27:08,305 nipype.workflow INFO:
	 [Node] Finished "from_las_fmap", elapsed time 0.310403s.
260514-00:27:08,501 nipype.workflow INFO:
	 [Node] Finished "from_las", elapsed time 0.505976s.
260514-00:27:09,810 nipype.workflow INFO:
	 [Node] Setting-up "fmriprep_23_2_wf.sub_pp03_wf.fmap_preproc_wf.out_merge_fmap_coeff" in "/gpfs/milgram/scratch60/turk-browne/aa2842/sandbox/auditory-object-scenes-data/bids_workdir/fmriprep_23_2_wf/sub_pp03_wf/fmap_preproc_wf/out_merge_fmap_coeff".
260514-00:27:09,810 nipype.workflow INFO:
	 [Node] Setting-up "fmriprep_23_2_wf.sub_pp03_wf.fmap_preproc_wf.fmap_derivatives_wf_auto_00000.gen_desc" in "/gpfs/milgram/scratch60/turk-browne/aa2842/sandbox/auditory-object-scenes-data/bids_workdir/fmriprep_23_2_wf/sub_pp03_wf/fmap_preproc_wf/fmap_derivatives_wf_auto_00000/gen_desc".
260514-00:27:09,811 nipype.workflow INFO:
	 [Node] Setting-up "fmriprep_23_2_wf.sub_pp03_wf.fmap_preproc_wf.out_merge_fmap" in "/gpfs/milgram/scratch60/turk-browne/aa2842/sandbox/auditory-object-scenes-data/bids_workdir/fmriprep_23_2_wf/sub_pp03_wf/fmap_preproc_wf/out_merge_fmap".
260514-00:27:09,811 nipype.workflow INFO:
	 [Node] Setting-up "fmriprep_23_2_wf.sub_pp03_wf.fmap_preproc_wf.fmap_derivatives_wf_auto_00000.merge_fmap" in "/gpfs/milgram/scratch60/turk-browne/aa2842/sandbox/auditory-object-scenes-data/bids_workdir/fmriprep_23_2_wf/sub_pp03_wf/fmap_preproc_wf/fmap_derivatives_wf_auto_00000/merge_fmap".
260514-00:27:09,814 nipype.workflow INFO:
	 [Node] Executing "merge_fmap" <niworkflows.interfaces.nibabel.MergeSeries>
260514-00:27:09,819 nipype.workflow INFO:
	 [Node] Executing "out_merge_fmap" <nipype.interfaces.utility.base.Merge>
260514-00:27:09,820 nipype.workflow INFO:
	 [Node] Finished "out_merge_fmap", elapsed time 0.00014s.
260514-00:27:09,949 nipype.workflow INFO:
	 [Node] Executing "gen_desc" <nipype.interfaces.utility.wrappers.Function>
260514-00:27:09,950 nipype.workflow INFO:
	 [Node] Finished "gen_desc", elapsed time 0.000267s.
260514-00:27:09,961 nipype.workflow INFO:
	 [Node] Executing "out_merge_fmap_coeff" <nipype.interfaces.utility.base.Merge>
260514-00:27:09,961 nipype.workflow INFO:
	 [Node] Finished "out_merge_fmap_coeff", elapsed time 0.000133s.
260514-00:27:10,131 nipype.workflow INFO:
	 [Node] Finished "merge_fmap", elapsed time 0.316504s.
260514-00:27:11,811 nipype.workflow INFO:
	 [Node] Setting-up "fmriprep_23_2_wf.sub_pp03_wf.fmap_preproc_wf.wf_auto_00000.ref_average" in "/gpfs/milgram/scratch60/turk-browne/aa2842/sandbox/auditory-object-scenes-data/bids_workdir/fmriprep_23_2_wf/sub_pp03_wf/fmap_preproc_wf/wf_auto_00000/ref_average".
260514-00:27:11,814 nipype.workflow INFO:
	 [Node] Executing "ref_average" <niworkflows.interfaces.images.RobustAverage>
260514-00:27:12,407 nipype.interface INFO:
	 stderr 2026-05-14T00:27:12.407394:++ 3dvolreg: AFNI version=AFNI_24.0.10 (Mar  5 2024) [64-bit]
260514-00:27:12,407 nipype.interface INFO:
	 stderr 2026-05-14T00:27:12.407394:++ Authored by: RW Cox
260514-00:27:12,407 nipype.interface INFO:
	 stderr 2026-05-14T00:27:12.407976:[7m*+ WARNING:[0m   If you are performing spatial transformations on an oblique dset,
260514-00:27:12,408 nipype.interface INFO:
	 stderr 2026-05-14T00:27:12.407976:  such as /gpfs/milgram/scratch60/turk-browne/aa2842/sandbox/auditory-object-scenes-data/bids_workdir/fmriprep_23_2_wf/sub_pp03_wf/fmap_preproc_wf/wf_auto_00000/ref_average/reoriented_sliced.nii.gz,
260514-00:27:12,408 nipype.interface INFO:
	 stderr 2026-05-14T00:27:12.407976:  or viewing/combining it with volumes of differing obliquity,
260514-00:27:12,408 nipype.interface INFO:
	 stderr 2026-05-14T00:27:12.407976:  you should consider running: 
260514-00:27:12,408 nipype.interface INFO:
	 stderr 2026-05-14T00:27:12.407976:     3dWarp -deoblique 
260514-00:27:12,408 nipype.interface INFO:
	 stderr 2026-05-14T00:27:12.407976:  on this and  other oblique datasets in the same session.
260514-00:27:12,408 nipype.interface INFO:
	 stderr 2026-05-14T00:27:12.407976: See 3dWarp -help for details.
260514-00:27:12,408 nipype.interface INFO:
	 stderr 2026-05-14T00:27:12.407976:++ Oblique dataset:/gpfs/milgram/scratch60/turk-browne/aa2842/sandbox/auditory-object-scenes-data/bids_workdir/fmriprep_23_2_wf/sub_pp03_wf/fmap_preproc_wf/wf_auto_00000/ref_average/reoriented_sliced.nii.gz is 1.866659 degrees from plumb.
260514-00:27:12,408 nipype.interface INFO:
	 stderr 2026-05-14T00:27:12.408151:++ Coarse del was 10, replaced with 9
260514-00:27:20,227 nipype.interface INFO:
	 stderr 2026-05-14T00:27:20.227423:++ Max displacement in automask = 0.85 (mm) at sub-brick 1
260514-00:27:20,227 nipype.interface INFO:
	 stderr 2026-05-14T00:27:20.227423:++ Max delta displ  in automask = 0.85 (mm) at sub-brick 1
260514-00:27:21,278 nipype.workflow INFO:
	 [Node] Finished "ref_average", elapsed time 9.463297s.
260514-00:27:21,828 nipype.workflow INFO:
	 [Node] Setting-up "fmriprep_23_2_wf.sub_pp03_wf.fmap_preproc_wf.wf_auto_00000.brainextraction_wf.clipper_pre" in "/gpfs/milgram/scratch60/turk-browne/aa2842/sandbox/auditory-object-scenes-data/bids_workdir/fmriprep_23_2_wf/sub_pp03_wf/fmap_preproc_wf/wf_auto_00000/brainextraction_wf/clipper_pre".
260514-00:27:21,831 nipype.workflow INFO:
	 [Node] Executing "clipper_pre" <niworkflows.interfaces.nibabel.IntensityClip>
260514-00:27:22,452 nipype.workflow INFO:
	 [Node] Setting-up "_ds_coeff0" in "/gpfs/milgram/scratch60/turk-browne/aa2842/sandbox/auditory-object-scenes-data/bids_workdir/fmriprep_23_2_wf/sub_pp03_wf/fmap_preproc_wf/fmap_derivatives_wf_auto_00000/ds_coeff/mapflow/_ds_coeff0".
260514-00:27:22,457 nipype.workflow INFO:
	 [Node] Executing "_ds_coeff0" <sdcflows.workflows.outputs.DerivativesDataSink>
260514-00:27:22,496 nipype.workflow INFO:
	 [Node] Finished "_ds_coeff0", elapsed time 0.037594s.
260514-00:27:24,266 nipype.workflow INFO:
	 [Node] Finished "clipper_pre", elapsed time 2.433836s.
260514-00:27:25,825 nipype.workflow INFO:
	 [Node] Setting-up "fmriprep_23_2_wf.sub_pp03_wf.fmap_preproc_wf.wf_auto_00000.brainextraction_wf.n4" in "/gpfs/milgram/scratch60/turk-browne/aa2842/sandbox/auditory-object-scenes-data/bids_workdir/fmriprep_23_2_wf/sub_pp03_wf/fmap_preproc_wf/wf_auto_00000/brainextraction_wf/n4".
260514-00:27:25,829 nipype.workflow INFO:
	 [Node] Executing "n4" <nipype.interfaces.ants.segmentation.N4BiasFieldCorrection>
260514-00:27:29,683 nipype.workflow INFO:
	 [Node] Finished "n4", elapsed time 3.852833s.
260514-00:27:31,830 nipype.workflow INFO:
	 [Node] Setting-up "fmriprep_23_2_wf.sub_pp03_wf.fmap_preproc_wf.wf_auto_00000.brainextraction_wf.clipper_post" in "/gpfs/milgram/scratch60/turk-browne/aa2842/sandbox/auditory-object-scenes-data/bids_workdir/fmriprep_23_2_wf/sub_pp03_wf/fmap_preproc_wf/wf_auto_00000/brainextraction_wf/clipper_post".
260514-00:27:31,833 nipype.workflow INFO:
	 [Node] Executing "clipper_post" <niworkflows.interfaces.nibabel.IntensityClip>
260514-00:27:33,515 nipype.workflow INFO:
	 [Node] Finished "clipper_post", elapsed time 1.681318s.
260514-00:27:33,834 nipype.workflow INFO:
	 [Node] Setting-up "fmriprep_23_2_wf.sub_pp03_wf.fmap_preproc_wf.out_merge_fmap_ref" in "/gpfs/milgram/scratch60/turk-browne/aa2842/sandbox/auditory-object-scenes-data/bids_workdir/fmriprep_23_2_wf/sub_pp03_wf/fmap_preproc_wf/out_merge_fmap_ref".
260514-00:27:33,834 nipype.workflow INFO:
	 [Node] Setting-up "fmriprep_23_2_wf.sub_pp03_wf.fmap_preproc_wf.wf_auto_00000.brainextraction_wf.masker" in "/gpfs/milgram/scratch60/turk-browne/aa2842/sandbox/auditory-object-scenes-data/bids_workdir/fmriprep_23_2_wf/sub_pp03_wf/fmap_preproc_wf/wf_auto_00000/brainextraction_wf/masker".
260514-00:27:33,835 nipype.workflow INFO:
	 [Node] Setting-up "fmriprep_23_2_wf.sub_pp03_wf.fmap_preproc_wf.fmap_derivatives_wf_auto_00000.ds_reference" in "/gpfs/milgram/scratch60/turk-browne/aa2842/sandbox/auditory-object-scenes-data/bids_workdir/fmriprep_23_2_wf/sub_pp03_wf/fmap_preproc_wf/fmap_derivatives_wf_auto_00000/ds_reference".
260514-00:27:33,837 nipype.workflow INFO:
	 [Node] Executing "out_merge_fmap_ref" <nipype.interfaces.utility.base.Merge>
260514-00:27:33,837 nipype.workflow INFO:
	 [Node] Executing "masker" <sdcflows.interfaces.brainmask.BrainExtraction>
260514-00:27:33,838 nipype.workflow INFO:
	 [Node] Finished "out_merge_fmap_ref", elapsed time 0.000153s.
260514-00:27:33,840 nipype.workflow INFO:
	 [Node] Executing "ds_reference" <sdcflows.workflows.outputs.DerivativesDataSink>
260514-00:27:34,402 nipype.workflow INFO:
	 [Node] Finished "ds_reference", elapsed time 0.561873s.
260514-00:27:37,185 nipype.workflow INFO:
	 [Node] Setting-up "fmriprep_23_2_wf.sub_pp03_wf.fmap_preproc_wf.fmap_derivatives_wf_auto_00000.ds_fieldmap" in "/gpfs/milgram/scratch60/turk-browne/aa2842/sandbox/auditory-object-scenes-data/bids_workdir/fmriprep_23_2_wf/sub_pp03_wf/fmap_preproc_wf/fmap_derivatives_wf_auto_00000/ds_fieldmap".
260514-00:27:37,208 nipype.workflow INFO:
	 [Node] Executing "ds_fieldmap" <sdcflows.workflows.outputs.DerivativesDataSink>
260514-00:27:37,638 nipype.workflow INFO:
	 [Node] Finished "ds_fieldmap", elapsed time 0.429549s.
260514-00:27:44,814 nipype.workflow INFO:
	 [Node] Finished "masker", elapsed time 10.975655s.
260514-00:27:45,840 nipype.workflow INFO:
	 [Node] Setting-up "fmriprep_23_2_wf.sub_pp03_wf.fmap_preproc_wf.out_merge_fmap_mask" in "/gpfs/milgram/scratch60/turk-browne/aa2842/sandbox/auditory-object-scenes-data/bids_workdir/fmriprep_23_2_wf/sub_pp03_wf/fmap_preproc_wf/out_merge_fmap_mask".
260514-00:27:45,845 nipype.workflow INFO:
	 [Node] Executing "out_merge_fmap_mask" <nipype.interfaces.utility.base.Merge>
260514-00:27:45,846 nipype.workflow INFO:
	 [Node] Finished "out_merge_fmap_mask", elapsed time 0.000141s.
260514-00:27:46,130 nipype.workflow INFO:
	 [Node] Setting-up "fmriprep_23_2_wf.sub_pp03_wf.fmap_preproc_wf.fmap_reports_wf_auto_00000.fmap_rpt" in "/gpfs/milgram/scratch60/turk-browne/aa2842/sandbox/auditory-object-scenes-data/bids_workdir/fmriprep_23_2_wf/sub_pp03_wf/fmap_preproc_wf/fmap_reports_wf_auto_00000/fmap_rpt".
260514-00:27:46,136 nipype.workflow INFO:
	 [Node] Executing "fmap_rpt" <sdcflows.interfaces.reportlets.FieldmapReportlet>
260514-00:27:54,929 nipype.workflow INFO:
	 [Node] Finished "fmap_rpt", elapsed time 8.792862s.
260514-00:27:56,451 nipype.workflow INFO:
	 [Node] Setting-up "fmriprep_23_2_wf.sub_pp03_wf.fmap_preproc_wf.fmap_reports_wf_auto_00000.ds_fmap_report" in "/gpfs/milgram/scratch60/turk-browne/aa2842/sandbox/auditory-object-scenes-data/bids_workdir/fmriprep_23_2_wf/sub_pp03_wf/fmap_preproc_wf/fmap_reports_wf_auto_00000/ds_fmap_report".
260514-00:27:57,311 nipype.workflow INFO:
	 [Node] Executing "ds_fmap_report" <sdcflows.workflows.outputs.DerivativesDataSink>
260514-00:27:57,334 nipype.workflow INFO:
	 [Node] Finished "ds_fmap_report", elapsed time 0.02286s.
260514-00:27:57,853 nipype.workflow INFO:
	 [Node] Setting-up "fmriprep_23_2_wf.sub_pp03_wf.bold_task_audlocalizer_run_01_wf.bold_fit_wf.fmapreg_wf.coregister" in "/gpfs/milgram/scratch60/turk-browne/aa2842/sandbox/auditory-object-scenes-data/bids_workdir/fmriprep_23_2_wf/sub_pp03_wf/bold_task_audlocalizer_run_01_wf/bold_fit_wf/fmapreg_wf/coregister".
260514-00:27:57,914 nipype.workflow INFO:
	 [Node] Executing "coregister" <niworkflows.interfaces.fixes.FixHeaderRegistration>
260514-00:27:59,536 nipype.workflow INFO:
	 [Node] Finished "coregister", elapsed time 1.6213229999999998s.
260514-00:27:59,857 nipype.workflow INFO:
	 [Node] Setting-up "fmriprep_23_2_wf.sub_pp03_wf.bold_task_audlocalizer_run_03_wf.bold_fit_wf.fmapreg_wf.coregister" in "/gpfs/milgram/scratch60/turk-browne/aa2842/sandbox/auditory-object-scenes-data/bids_workdir/fmriprep_23_2_wf/sub_pp03_wf/bold_task_audlocalizer_run_03_wf/bold_fit_wf/fmapreg_wf/coregister".
260514-00:27:59,887 nipype.workflow INFO:
	 [Node] Executing "coregister" <niworkflows.interfaces.fixes.FixHeaderRegistration>
260514-00:28:01,365 nipype.workflow INFO:
	 [Node] Finished "coregister", elapsed time 1.4769649999999999s.
260514-00:28:01,857 nipype.workflow INFO:
	 [Node] Setting-up "fmriprep_23_2_wf.sub_pp03_wf.bold_task_vislocalizer_wf.bold_fit_wf.fmapreg_wf.coregister" in "/gpfs/milgram/scratch60/turk-browne/aa2842/sandbox/auditory-object-scenes-data/bids_workdir/fmriprep_23_2_wf/sub_pp03_wf/bold_task_vislocalizer_wf/bold_fit_wf/fmapreg_wf/coregister".
260514-00:28:01,895 nipype.workflow INFO:
	 [Node] Executing "coregister" <niworkflows.interfaces.fixes.FixHeaderRegistration>
260514-00:28:03,617 nipype.workflow INFO:
	 [Node] Finished "coregister", elapsed time 1.721954s.
260514-00:28:03,858 nipype.workflow INFO:
	 [Node] Setting-up "fmriprep_23_2_wf.sub_pp03_wf.bold_task_audlocalizer_run_01_wf.bold_fit_wf.itk_mat2txt" in "/gpfs/milgram/scratch60/turk-browne/aa2842/sandbox/auditory-object-scenes-data/bids_workdir/fmriprep_23_2_wf/sub_pp03_wf/bold_task_audlocalizer_run_01_wf/bold_fit_wf/itk_mat2txt".
260514-00:28:03,858 nipype.workflow INFO:
	 [Node] Setting-up "fmriprep_23_2_wf.sub_pp03_wf.bold_task_audlocalizer_run_03_wf.bold_fit_wf.itk_mat2txt" in "/gpfs/milgram/scratch60/turk-browne/aa2842/sandbox/auditory-object-scenes-data/bids_workdir/fmriprep_23_2_wf/sub_pp03_wf/bold_task_audlocalizer_run_03_wf/bold_fit_wf/itk_mat2txt".
260514-00:28:03,859 nipype.workflow INFO:
	 [Node] Setting-up "fmriprep_23_2_wf.sub_pp03_wf.bold_task_vislocalizer_wf.bold_fit_wf.itk_mat2txt" in "/gpfs/milgram/scratch60/turk-browne/aa2842/sandbox/auditory-object-scenes-data/bids_workdir/fmriprep_23_2_wf/sub_pp03_wf/bold_task_vislocalizer_wf/bold_fit_wf/itk_mat2txt".
260514-00:28:03,862 nipype.workflow INFO:
	 [Node] Executing "itk_mat2txt" <niworkflows.interfaces.nitransforms.ConcatenateXFMs>
260514-00:28:03,862 nipype.workflow INFO:
	 [Node] Executing "itk_mat2txt" <niworkflows.interfaces.nitransforms.ConcatenateXFMs>
260514-00:28:03,863 nipype.workflow INFO:
	 [Node] Executing "itk_mat2txt" <niworkflows.interfaces.nitransforms.ConcatenateXFMs>
260514-00:28:03,864 nipype.workflow INFO:
	 [Node] Finished "itk_mat2txt", elapsed time 0.001258s.
260514-00:28:03,896 nipype.workflow INFO:
	 [Node] Finished "itk_mat2txt", elapsed time 0.03297s.
260514-00:28:03,932 nipype.workflow INFO:
	 [Node] Finished "itk_mat2txt", elapsed time 0.069722s.
260514-00:28:07,927 nipype.workflow INFO:
	 [Node] Setting-up "fmriprep_23_2_wf.sub_pp03_wf.bold_task_audlocalizer_run_01_wf.bold_fit_wf.unwarp_wf.resample" in "/gpfs/milgram/scratch60/turk-browne/aa2842/sandbox/auditory-object-scenes-data/bids_workdir/fmriprep_23_2_wf/sub_pp03_wf/bold_task_audlocalizer_run_01_wf/bold_fit_wf/unwarp_wf/resample".
260514-00:28:08,608 nipype.workflow INFO:
	 [Node] Executing "resample" <sdcflows.interfaces.bspline.ApplyCoeffsField>
260514-00:28:10,774 nipype.workflow INFO:
	 [Node] Finished "resample", elapsed time 2.165131s.
260514-00:28:11,962 nipype.workflow INFO:
	 [Node] Setting-up "fmriprep_23_2_wf.sub_pp03_wf.bold_task_audlocalizer_run_03_wf.bold_fit_wf.unwarp_wf.resample" in "/gpfs/milgram/scratch60/turk-browne/aa2842/sandbox/auditory-object-scenes-data/bids_workdir/fmriprep_23_2_wf/sub_pp03_wf/bold_task_audlocalizer_run_03_wf/bold_fit_wf/unwarp_wf/resample".
260514-00:28:12,640 nipype.workflow INFO:
	 [Node] Executing "resample" <sdcflows.interfaces.bspline.ApplyCoeffsField>
260514-00:28:14,731 nipype.workflow INFO:
	 [Node] Finished "resample", elapsed time 2.090291s.
260514-00:28:15,922 nipype.workflow INFO:
	 [Node] Setting-up "fmriprep_23_2_wf.sub_pp03_wf.bold_task_vislocalizer_wf.bold_fit_wf.unwarp_wf.resample" in "/gpfs/milgram/scratch60/turk-browne/aa2842/sandbox/auditory-object-scenes-data/bids_workdir/fmriprep_23_2_wf/sub_pp03_wf/bold_task_vislocalizer_wf/bold_fit_wf/unwarp_wf/resample".
260514-00:28:15,932 nipype.workflow INFO:
	 [Node] Executing "resample" <sdcflows.interfaces.bspline.ApplyCoeffsField>
260514-00:28:21,731 nipype.workflow INFO:
	 [Node] Finished "resample", elapsed time 5.798791s.
260514-00:28:23,878 nipype.workflow INFO:
	 [Node] Setting-up "fmriprep_23_2_wf.sub_pp03_wf.bold_task_audlocalizer_run_01_wf.bold_fit_wf.unwarp_wf.merge" in "/gpfs/milgram/scratch60/turk-browne/aa2842/sandbox/auditory-object-scenes-data/bids_workdir/fmriprep_23_2_wf/sub_pp03_wf/bold_task_audlocalizer_run_01_wf/bold_fit_wf/unwarp_wf/merge".
260514-00:28:23,878 nipype.workflow INFO:
	 [Node] Setting-up "fmriprep_23_2_wf.sub_pp03_wf.bold_task_audlocalizer_run_03_wf.bold_fit_wf.unwarp_wf.merge" in "/gpfs/milgram/scratch60/turk-browne/aa2842/sandbox/auditory-object-scenes-data/bids_workdir/fmriprep_23_2_wf/sub_pp03_wf/bold_task_audlocalizer_run_03_wf/bold_fit_wf/unwarp_wf/merge".
260514-00:28:23,878 nipype.workflow INFO:
	 [Node] Setting-up "fmriprep_23_2_wf.sub_pp03_wf.bold_task_vislocalizer_wf.bold_fit_wf.unwarp_wf.merge" in "/gpfs/milgram/scratch60/turk-browne/aa2842/sandbox/auditory-object-scenes-data/bids_workdir/fmriprep_23_2_wf/sub_pp03_wf/bold_task_vislocalizer_wf/bold_fit_wf/unwarp_wf/merge".
260514-00:28:23,896 nipype.workflow INFO:
	 [Node] Executing "merge" <niworkflows.interfaces.nibabel.MergeSeries>
260514-00:28:23,916 nipype.workflow INFO:
	 [Node] Executing "merge" <niworkflows.interfaces.nibabel.MergeSeries>
260514-00:28:23,927 nipype.workflow INFO:
	 [Node] Executing "merge" <niworkflows.interfaces.nibabel.MergeSeries>
260514-00:28:23,932 nipype.workflow INFO:
	 [Node] Finished "merge", elapsed time 0.035867s.
260514-00:28:23,952 nipype.workflow INFO:
	 [Node] Finished "merge", elapsed time 0.035829s.
260514-00:28:23,962 nipype.workflow INFO:
	 [Node] Finished "merge", elapsed time 0.035094s.
260514-00:28:25,882 nipype.workflow INFO:
	 [Node] Setting-up "fmriprep_23_2_wf.sub_pp03_wf.bold_task_audlocalizer_run_01_wf.bold_fit_wf.unwarp_wf.average" in "/gpfs/milgram/scratch60/turk-browne/aa2842/sandbox/auditory-object-scenes-data/bids_workdir/fmriprep_23_2_wf/sub_pp03_wf/bold_task_audlocalizer_run_01_wf/bold_fit_wf/unwarp_wf/average".
260514-00:28:25,885 nipype.workflow INFO:
	 [Node] Executing "average" <niworkflows.interfaces.images.RobustAverage>
260514-00:28:25,909 nipype.workflow INFO:
	 [Node] Finished "average", elapsed time 0.023292s.
260514-00:28:25,922 nipype.interface WARNING:
	 Changing /gpfs/milgram/scratch60/turk-browne/aa2842/sandbox/auditory-object-scenes-data/objects_scenes_bids/derivatives/sub-pp03/func/sub-pp03_task-audlocalizer_run-01_desc-coreg_boldref.nii.gz dtype from int16 to float32
260514-00:28:26,340 nipype.workflow INFO:
	 [Node] Setting-up "fmriprep_23_2_wf.sub_pp03_wf.bold_task_audlocalizer_run_03_wf.bold_fit_wf.unwarp_wf.average" in "/gpfs/milgram/scratch60/turk-browne/aa2842/sandbox/auditory-object-scenes-data/bids_workdir/fmriprep_23_2_wf/sub_pp03_wf/bold_task_audlocalizer_run_03_wf/bold_fit_wf/unwarp_wf/average".
260514-00:28:26,345 nipype.workflow INFO:
	 [Node] Executing "average" <niworkflows.interfaces.images.RobustAverage>
260514-00:28:26,364 nipype.workflow INFO:
	 [Node] Finished "average", elapsed time 0.018217s.
260514-00:28:26,366 nipype.interface WARNING:
	 Changing /gpfs/milgram/scratch60/turk-browne/aa2842/sandbox/auditory-object-scenes-data/objects_scenes_bids/derivatives/sub-pp03/func/sub-pp03_task-audlocalizer_run-03_desc-coreg_boldref.nii.gz dtype from int16 to float32
260514-00:28:26,788 nipype.workflow INFO:
	 [Node] Setting-up "fmriprep_23_2_wf.sub_pp03_wf.bold_task_vislocalizer_wf.bold_fit_wf.unwarp_wf.average" in "/gpfs/milgram/scratch60/turk-browne/aa2842/sandbox/auditory-object-scenes-data/bids_workdir/fmriprep_23_2_wf/sub_pp03_wf/bold_task_vislocalizer_wf/bold_fit_wf/unwarp_wf/average".
260514-00:28:26,791 nipype.workflow INFO:
	 [Node] Executing "average" <niworkflows.interfaces.images.RobustAverage>
260514-00:28:26,799 nipype.interface WARNING:
	 Changing /gpfs/milgram/scratch60/turk-browne/aa2842/sandbox/auditory-object-scenes-data/objects_scenes_bids/derivatives/sub-pp03/func/sub-pp03_task-vislocalizer_desc-coreg_boldref.nii.gz dtype from int16 to float32
260514-00:28:26,814 nipype.workflow INFO:
	 [Node] Finished "average", elapsed time 0.022469s.
260514-00:28:27,882 nipype.workflow INFO:
	 [Node] Setting-up "fmriprep_23_2_wf.sub_pp03_wf.bold_task_audlocalizer_run_01_wf.bold_fit_wf.unwarp_wf.brainextraction_wf.clipper_pre" in "/gpfs/milgram/scratch60/turk-browne/aa2842/sandbox/auditory-object-scenes-data/bids_workdir/fmriprep_23_2_wf/sub_pp03_wf/bold_task_audlocalizer_run_01_wf/bold_fit_wf/unwarp_wf/brainextraction_wf/clipper_pre".
260514-00:28:27,883 nipype.workflow INFO:
	 [Node] Setting-up "fmriprep_23_2_wf.sub_pp03_wf.bold_task_audlocalizer_run_01_wf.bold_fit_wf.ds_boldreg_wf.raw_sources" in "/gpfs/milgram/scratch60/turk-browne/aa2842/sandbox/auditory-object-scenes-data/bids_workdir/fmriprep_23_2_wf/sub_pp03_wf/bold_task_audlocalizer_run_01_wf/bold_fit_wf/ds_boldreg_wf/raw_sources".
260514-00:28:27,883 nipype.workflow INFO:
	 [Node] Setting-up "fmriprep_23_2_wf.sub_pp03_wf.bold_task_audlocalizer_run_01_wf.bold_fit_wf.func_fit_reports_wf.fmapref_boldref" in "/gpfs/milgram/scratch60/turk-browne/aa2842/sandbox/auditory-object-scenes-data/bids_workdir/fmriprep_23_2_wf/sub_pp03_wf/bold_task_audlocalizer_run_01_wf/bold_fit_wf/func_fit_reports_wf/fmapref_boldref".
260514-00:28:27,884 nipype.workflow INFO:
	 [Node] Setting-up "fmriprep_23_2_wf.sub_pp03_wf.bold_task_audlocalizer_run_01_wf.bold_std_wf.gen_ref" in "/gpfs/milgram/scratch60/turk-browne/aa2842/sandbox/auditory-object-scenes-data/bids_workdir/fmriprep_23_2_wf/sub_pp03_wf/bold_task_audlocalizer_run_01_wf/bold_std_wf/_in_tuple_MNI152Lin.resnative/gen_ref".
260514-00:28:27,885 nipype.workflow INFO:
	 [Node] Setting-up "fmriprep_23_2_wf.sub_pp03_wf.bold_task_audlocalizer_run_01_wf.bold_std_wf.gen_ref" in "/gpfs/milgram/scratch60/turk-browne/aa2842/sandbox/auditory-object-scenes-data/bids_workdir/fmriprep_23_2_wf/sub_pp03_wf/bold_task_audlocalizer_run_01_wf/bold_std_wf/_in_tuple_MNI152NLin2009cAsym.resnative/gen_ref".
260514-00:28:27,885 nipype.workflow INFO:
	 [Node] Setting-up "fmriprep_23_2_wf.sub_pp03_wf.bold_task_audlocalizer_run_03_wf.bold_fit_wf.unwarp_wf.brainextraction_wf.clipper_pre" in "/gpfs/milgram/scratch60/turk-browne/aa2842/sandbox/auditory-object-scenes-data/bids_workdir/fmriprep_23_2_wf/sub_pp03_wf/bold_task_audlocalizer_run_03_wf/bold_fit_wf/unwarp_wf/brainextraction_wf/clipper_pre".
260514-00:28:27,886 nipype.workflow INFO:
	 [Node] Setting-up "fmriprep_23_2_wf.sub_pp03_wf.bold_task_audlocalizer_run_03_wf.bold_fit_wf.ds_boldreg_wf.raw_sources" in "/gpfs/milgram/scratch60/turk-browne/aa2842/sandbox/auditory-object-scenes-data/bids_workdir/fmriprep_23_2_wf/sub_pp03_wf/bold_task_audlocalizer_run_03_wf/bold_fit_wf/ds_boldreg_wf/raw_sources".
260514-00:28:27,888 nipype.workflow INFO:
	 [Node] Executing "clipper_pre" <niworkflows.interfaces.nibabel.IntensityClip>
260514-00:28:27,890 nipype.workflow INFO:
	 [Node] Executing "fmapref_boldref" <niworkflows.interfaces.fixes.FixHeaderApplyTransforms>
260514-00:28:27,891 nipype.workflow INFO:
	 [Node] Executing "raw_sources" <nipype.interfaces.utility.wrappers.Function>
260514-00:28:27,891 nipype.workflow INFO:
	 [Node] Executing "clipper_pre" <niworkflows.interfaces.nibabel.IntensityClip>
260514-00:28:27,892 nipype.workflow INFO:
	 [Node] Finished "raw_sources", elapsed time 0.000349s.
260514-00:28:27,942 nipype.workflow INFO:
	 [Node] Executing "gen_ref" <niworkflows.interfaces.nibabel.GenerateSamplingReference>
260514-00:28:27,944 nipype.workflow INFO:
	 [Node] Executing "gen_ref" <niworkflows.interfaces.nibabel.GenerateSamplingReference>
260514-00:28:28,486 nipype.workflow INFO:
	 [Node] Executing "raw_sources" <nipype.interfaces.utility.wrappers.Function>
260514-00:28:28,486 nipype.workflow INFO:
	 [Node] Finished "raw_sources", elapsed time 0.000324s.
260514-00:28:28,621 nipype.workflow INFO:
	 [Node] Setting-up "fmriprep_23_2_wf.sub_pp03_wf.bold_task_audlocalizer_run_01_wf.bold_native_wf.boldref_fmap" in "/gpfs/milgram/scratch60/turk-browne/aa2842/sandbox/auditory-object-scenes-data/bids_workdir/fmriprep_23_2_wf/sub_pp03_wf/bold_task_audlocalizer_run_01_wf/bold_native_wf/boldref_fmap".
260514-00:28:28,628 nipype.workflow INFO:
	 [Node] Executing "boldref_fmap" <fmriprep.interfaces.resampling.ReconstructFieldmap>
260514-00:28:28,925 nipype.workflow INFO:
	 [Node] Finished "gen_ref", elapsed time 0.982075s.
260514-00:28:29,716 nipype.workflow INFO:
	 [Node] Finished "gen_ref", elapsed time 1.770963s.
260514-00:28:29,889 nipype.workflow INFO:
	 [Node] Setting-up "fmriprep_23_2_wf.sub_pp03_wf.bold_task_audlocalizer_run_03_wf.bold_fit_wf.func_fit_reports_wf.fmapref_boldref" in "/gpfs/milgram/scratch60/turk-browne/aa2842/sandbox/auditory-object-scenes-data/bids_workdir/fmriprep_23_2_wf/sub_pp03_wf/bold_task_audlocalizer_run_03_wf/bold_fit_wf/func_fit_reports_wf/fmapref_boldref".
260514-00:28:29,890 nipype.workflow INFO:
	 [Node] Setting-up "fmriprep_23_2_wf.sub_pp03_wf.bold_task_audlocalizer_run_03_wf.bold_std_wf.gen_ref" in "/gpfs/milgram/scratch60/turk-browne/aa2842/sandbox/auditory-object-scenes-data/bids_workdir/fmriprep_23_2_wf/sub_pp03_wf/bold_task_audlocalizer_run_03_wf/bold_std_wf/_in_tuple_MNI152Lin.resnative/gen_ref".
260514-00:28:29,890 nipype.workflow INFO:
	 [Node] Setting-up "fmriprep_23_2_wf.sub_pp03_wf.bold_task_audlocalizer_run_03_wf.bold_std_wf.gen_ref" in "/gpfs/milgram/scratch60/turk-browne/aa2842/sandbox/auditory-object-scenes-data/bids_workdir/fmriprep_23_2_wf/sub_pp03_wf/bold_task_audlocalizer_run_03_wf/bold_std_wf/_in_tuple_MNI152NLin2009cAsym.resnative/gen_ref".
260514-00:28:29,892 nipype.workflow INFO:
	 [Node] Setting-up "fmriprep_23_2_wf.sub_pp03_wf.bold_task_audlocalizer_run_03_wf.bold_native_wf.boldref_fmap" in "/gpfs/milgram/scratch60/turk-browne/aa2842/sandbox/auditory-object-scenes-data/bids_workdir/fmriprep_23_2_wf/sub_pp03_wf/bold_task_audlocalizer_run_03_wf/bold_native_wf/boldref_fmap".
260514-00:28:29,895 nipype.workflow INFO:
	 [Node] Executing "fmapref_boldref" <niworkflows.interfaces.fixes.FixHeaderApplyTransforms>
260514-00:28:29,896 nipype.workflow INFO:
	 [Node] Executing "boldref_fmap" <fmriprep.interfaces.resampling.ReconstructFieldmap>
260514-00:28:29,896 nipype.workflow INFO:
	 [Node] Executing "gen_ref" <niworkflows.interfaces.nibabel.GenerateSamplingReference>
260514-00:28:29,897 nipype.workflow INFO:
	 [Node] Executing "gen_ref" <niworkflows.interfaces.nibabel.GenerateSamplingReference>
260514-00:28:30,226 nipype.workflow INFO:
	 [Node] Finished "clipper_pre", elapsed time 2.337028s.
260514-00:28:30,234 nipype.workflow INFO:
	 [Node] Finished "clipper_pre", elapsed time 2.341963s.
260514-00:28:30,873 nipype.workflow INFO:
	 [Node] Finished "gen_ref", elapsed time 0.975908s.
260514-00:28:31,40 nipype.workflow INFO:
	 [Node] Finished "boldref_fmap", elapsed time 2.411215s.
260514-00:28:31,175 nipype.workflow INFO:
	 [Node] Finished "gen_ref", elapsed time 1.2777669999999999s.
260514-00:28:31,890 nipype.workflow INFO:
	 [Node] Setting-up "fmriprep_23_2_wf.sub_pp03_wf.bold_task_vislocalizer_wf.bold_fit_wf.unwarp_wf.brainextraction_wf.clipper_pre" in "/gpfs/milgram/scratch60/turk-browne/aa2842/sandbox/auditory-object-scenes-data/bids_workdir/fmriprep_23_2_wf/sub_pp03_wf/bold_task_vislocalizer_wf/bold_fit_wf/unwarp_wf/brainextraction_wf/clipper_pre".
260514-00:28:31,890 nipype.workflow INFO:
	 [Node] Setting-up "fmriprep_23_2_wf.sub_pp03_wf.bold_task_vislocalizer_wf.bold_fit_wf.ds_boldreg_wf.raw_sources" in "/gpfs/milgram/scratch60/turk-browne/aa2842/sandbox/auditory-object-scenes-data/bids_workdir/fmriprep_23_2_wf/sub_pp03_wf/bold_task_vislocalizer_wf/bold_fit_wf/ds_boldreg_wf/raw_sources".
260514-00:28:31,892 nipype.workflow INFO:
	 [Node] Setting-up "fmriprep_23_2_wf.sub_pp03_wf.bold_task_vislocalizer_wf.bold_std_wf.gen_ref" in "/gpfs/milgram/scratch60/turk-browne/aa2842/sandbox/auditory-object-scenes-data/bids_workdir/fmriprep_23_2_wf/sub_pp03_wf/bold_task_vislocalizer_wf/bold_std_wf/_in_tuple_MNI152Lin.resnative/gen_ref".
260514-00:28:31,892 nipype.workflow INFO:
	 [Node] Setting-up "fmriprep_23_2_wf.sub_pp03_wf.bold_task_vislocalizer_wf.bold_fit_wf.func_fit_reports_wf.fmapref_boldref" in "/gpfs/milgram/scratch60/turk-browne/aa2842/sandbox/auditory-object-scenes-data/bids_workdir/fmriprep_23_2_wf/sub_pp03_wf/bold_task_vislocalizer_wf/bold_fit_wf/func_fit_reports_wf/fmapref_boldref".
260514-00:28:31,894 nipype.workflow INFO:
	 [Node] Setting-up "fmriprep_23_2_wf.sub_pp03_wf.bold_task_vislocalizer_wf.bold_native_wf.boldref_fmap" in "/gpfs/milgram/scratch60/turk-browne/aa2842/sandbox/auditory-object-scenes-data/bids_workdir/fmriprep_23_2_wf/sub_pp03_wf/bold_task_vislocalizer_wf/bold_native_wf/boldref_fmap".
260514-00:28:31,895 nipype.workflow INFO:
	 [Node] Executing "clipper_pre" <niworkflows.interfaces.nibabel.IntensityClip>
260514-00:28:31,896 nipype.workflow INFO:
	 [Node] Executing "raw_sources" <nipype.interfaces.utility.wrappers.Function>
260514-00:28:31,897 nipype.workflow INFO:
	 [Node] Finished "raw_sources", elapsed time 0.000362s.
260514-00:28:31,900 nipype.workflow INFO:
	 [Node] Executing "boldref_fmap" <fmriprep.interfaces.resampling.ReconstructFieldmap>
260514-00:28:31,901 nipype.workflow INFO:
	 [Node] Executing "gen_ref" <niworkflows.interfaces.nibabel.GenerateSamplingReference>
260514-00:28:31,902 nipype.workflow INFO:
	 [Node] Executing "fmapref_boldref" <niworkflows.interfaces.fixes.FixHeaderApplyTransforms>
260514-00:28:32,327 nipype.workflow INFO:
	 [Node] Finished "boldref_fmap", elapsed time 2.430311s.
260514-00:28:33,180 nipype.workflow INFO:
	 [Node] Finished "gen_ref", elapsed time 1.278721s.
260514-00:28:33,887 nipype.workflow INFO:
	 [Node] Setting-up "fmriprep_23_2_wf.sub_pp03_wf.bold_task_vislocalizer_wf.bold_std_wf.gen_ref" in "/gpfs/milgram/scratch60/turk-browne/aa2842/sandbox/auditory-object-scenes-data/bids_workdir/fmriprep_23_2_wf/sub_pp03_wf/bold_task_vislocalizer_wf/bold_std_wf/_in_tuple_MNI152NLin2009cAsym.resnative/gen_ref".
260514-00:28:33,891 nipype.workflow INFO:
	 [Node] Executing "gen_ref" <niworkflows.interfaces.nibabel.GenerateSamplingReference>
260514-00:28:34,263 nipype.workflow INFO:
	 [Node] Finished "clipper_pre", elapsed time 2.367509s.
260514-00:28:34,314 nipype.workflow INFO:
	 [Node] Finished "boldref_fmap", elapsed time 2.413566s.
260514-00:28:34,697 nipype.workflow INFO:
	 [Node] Finished "fmapref_boldref", elapsed time 6.806195s.
260514-00:28:34,956 nipype.workflow INFO:
	 [Node] Finished "gen_ref", elapsed time 1.063797s.
260514-00:28:36,582 nipype.workflow INFO:
	 [Node] Finished "fmapref_boldref", elapsed time 6.6862770000000005s.
260514-00:28:38,581 nipype.workflow INFO:
	 [Node] Finished "fmapref_boldref", elapsed time 6.6788s.
260514-00:28:39,892 nipype.workflow INFO:
	 [Node] Setting-up "fmriprep_23_2_wf.sub_pp03_wf.bold_task_audlocalizer_run_01_wf.bold_fit_wf.unwarp_wf.brainextraction_wf.n4" in "/gpfs/milgram/scratch60/turk-browne/aa2842/sandbox/auditory-object-scenes-data/bids_workdir/fmriprep_23_2_wf/sub_pp03_wf/bold_task_audlocalizer_run_01_wf/bold_fit_wf/unwarp_wf/brainextraction_wf/n4".
260514-00:28:39,898 nipype.workflow INFO:
	 [Node] Executing "n4" <nipype.interfaces.ants.segmentation.N4BiasFieldCorrection>
260514-00:28:43,796 nipype.workflow INFO:
	 [Node] Finished "n4", elapsed time 3.897175s.
260514-00:28:46,471 nipype.workflow INFO:
	 [Node] Setting-up "fmriprep_23_2_wf.sub_pp03_wf.bold_task_audlocalizer_run_01_wf.bold_native_wf.boldref_bold" in "/gpfs/milgram/scratch60/turk-browne/aa2842/sandbox/auditory-object-scenes-data/bids_workdir/fmriprep_23_2_wf/sub_pp03_wf/bold_task_audlocalizer_run_01_wf/bold_native_wf/boldref_bold".
260514-00:28:46,520 nipype.workflow INFO:
	 [Node] Executing "boldref_bold" <fmriprep.interfaces.resampling.ResampleSeries>
260514-00:29:58,684 nipype.workflow INFO:
	 [Node] Finished "boldref_bold", elapsed time 72.154806s.
260514-00:29:59,978 nipype.workflow INFO:
	 [Node] Setting-up "fmriprep_23_2_wf.sub_pp03_wf.bold_task_audlocalizer_run_03_wf.bold_fit_wf.unwarp_wf.brainextraction_wf.n4" in "/gpfs/milgram/scratch60/turk-browne/aa2842/sandbox/auditory-object-scenes-data/bids_workdir/fmriprep_23_2_wf/sub_pp03_wf/bold_task_audlocalizer_run_03_wf/bold_fit_wf/unwarp_wf/brainextraction_wf/n4".
260514-00:29:59,982 nipype.workflow INFO:
	 [Node] Executing "n4" <nipype.interfaces.ants.segmentation.N4BiasFieldCorrection>
260514-00:30:03,926 nipype.workflow INFO:
	 [Node] Finished "n4", elapsed time 3.943778s.
260514-00:30:05,981 nipype.workflow INFO:
	 [Node] Setting-up "fmriprep_23_2_wf.sub_pp03_wf.bold_task_audlocalizer_run_03_wf.bold_native_wf.boldref_bold" in "/gpfs/milgram/scratch60/turk-browne/aa2842/sandbox/auditory-object-scenes-data/bids_workdir/fmriprep_23_2_wf/sub_pp03_wf/bold_task_audlocalizer_run_03_wf/bold_native_wf/boldref_bold".
260514-00:30:06,28 nipype.workflow INFO:
	 [Node] Executing "boldref_bold" <fmriprep.interfaces.resampling.ResampleSeries>
260514-00:30:41,672 nipype.workflow INFO:
	 [Node] Finished "boldref_bold", elapsed time 35.642795s.
260514-00:30:42,16 nipype.workflow INFO:
	 [Node] Setting-up "fmriprep_23_2_wf.sub_pp03_wf.bold_task_vislocalizer_wf.bold_fit_wf.unwarp_wf.brainextraction_wf.n4" in "/gpfs/milgram/scratch60/turk-browne/aa2842/sandbox/auditory-object-scenes-data/bids_workdir/fmriprep_23_2_wf/sub_pp03_wf/bold_task_vislocalizer_wf/bold_fit_wf/unwarp_wf/brainextraction_wf/n4".
260514-00:30:42,22 nipype.workflow INFO:
	 [Node] Executing "n4" <nipype.interfaces.ants.segmentation.N4BiasFieldCorrection>
260514-00:30:45,938 nipype.workflow INFO:
	 [Node] Finished "n4", elapsed time 3.916104s.
260514-00:30:48,25 nipype.workflow INFO:
	 [Node] Setting-up "fmriprep_23_2_wf.sub_pp03_wf.bold_task_vislocalizer_wf.bold_native_wf.boldref_bold" in "/gpfs/milgram/scratch60/turk-browne/aa2842/sandbox/auditory-object-scenes-data/bids_workdir/fmriprep_23_2_wf/sub_pp03_wf/bold_task_vislocalizer_wf/bold_native_wf/boldref_bold".
260514-00:30:48,148 nipype.workflow INFO:
	 [Node] Executing "boldref_bold" <fmriprep.interfaces.resampling.ResampleSeries>
260514-00:31:11,211 nipype.workflow INFO:
	 [Node] Finished "autorecon1", elapsed time 1127.929276s.
260514-00:31:12,64 nipype.workflow INFO:
	 [Node] Setting-up "fmriprep_23_2_wf.sub_pp03_wf.anat_fit_wf.surface_recon_wf.fsnative2t1w_xfm" in "/gpfs/milgram/scratch60/turk-browne/aa2842/sandbox/auditory-object-scenes-data/bids_workdir/fmriprep_23_2_wf/sub_pp03_wf/anat_fit_wf/surface_recon_wf/fsnative2t1w_xfm".
260514-00:31:12,65 nipype.workflow INFO:
	 [Node] Setting-up "fmriprep_23_2_wf.sub_pp03_wf.bold_task_audlocalizer_run_01_wf.bold_fit_wf.unwarp_wf.brainextraction_wf.clipper_post" in "/gpfs/milgram/scratch60/turk-browne/aa2842/sandbox/auditory-object-scenes-data/bids_workdir/fmriprep_23_2_wf/sub_pp03_wf/bold_task_audlocalizer_run_01_wf/bold_fit_wf/unwarp_wf/brainextraction_wf/clipper_post".
260514-00:31:12,66 nipype.workflow INFO:
	 [Node] Setting-up "fmriprep_23_2_wf.sub_pp03_wf.bold_task_audlocalizer_run_03_wf.bold_fit_wf.unwarp_wf.brainextraction_wf.clipper_post" in "/gpfs/milgram/scratch60/turk-browne/aa2842/sandbox/auditory-object-scenes-data/bids_workdir/fmriprep_23_2_wf/sub_pp03_wf/bold_task_audlocalizer_run_03_wf/bold_fit_wf/unwarp_wf/brainextraction_wf/clipper_post".
260514-00:31:12,66 nipype.workflow INFO:
	 [Node] Setting-up "fmriprep_23_2_wf.sub_pp03_wf.bold_task_vislocalizer_wf.bold_fit_wf.unwarp_wf.brainextraction_wf.clipper_post" in "/gpfs/milgram/scratch60/turk-browne/aa2842/sandbox/auditory-object-scenes-data/bids_workdir/fmriprep_23_2_wf/sub_pp03_wf/bold_task_vislocalizer_wf/bold_fit_wf/unwarp_wf/brainextraction_wf/clipper_post".
260514-00:31:12,69 nipype.workflow INFO:
	 [Node] Executing "clipper_post" <niworkflows.interfaces.nibabel.IntensityClip>
260514-00:31:12,93 nipype.workflow INFO:
	 [Node] Executing "clipper_post" <niworkflows.interfaces.nibabel.IntensityClip>
260514-00:31:12,93 nipype.workflow INFO:
	 [Node] Executing "clipper_post" <niworkflows.interfaces.nibabel.IntensityClip>
260514-00:31:12,114 nipype.workflow INFO:
	 [Node] Executing "fsnative2t1w_xfm" <niworkflows.interfaces.freesurfer.PatchedRobustRegister>
260514-00:31:12,533 nipype.workflow INFO:
	 [Node] Setting-up "fmriprep_23_2_wf.sub_pp03_wf.anat_fit_wf.surface_recon_wf.skull_strip_extern" in "/gpfs/milgram/scratch60/turk-browne/aa2842/sandbox/auditory-object-scenes-data/bids_workdir/fmriprep_23_2_wf/sub_pp03_wf/anat_fit_wf/surface_recon_wf/skull_strip_extern".
260514-00:31:12,556 nipype.workflow INFO:
	 [Node] Executing "skull_strip_extern" <niworkflows.interfaces.freesurfer.FSInjectBrainExtracted>
260514-00:31:13,795 nipype.workflow INFO:
	 [Node] Finished "clipper_post", elapsed time 1.70187s.
260514-00:31:13,818 nipype.workflow INFO:
	 [Node] Finished "clipper_post", elapsed time 1.7280980000000001s.
260514-00:31:13,823 nipype.workflow INFO:
	 [Node] Finished "clipper_post", elapsed time 1.729219s.
260514-00:31:14,64 nipype.workflow INFO:
	 [Node] Setting-up "fmriprep_23_2_wf.sub_pp03_wf.bold_task_audlocalizer_run_01_wf.bold_fit_wf.unwarp_wf.brainextraction_wf.masker" in "/gpfs/milgram/scratch60/turk-browne/aa2842/sandbox/auditory-object-scenes-data/bids_workdir/fmriprep_23_2_wf/sub_pp03_wf/bold_task_audlocalizer_run_01_wf/bold_fit_wf/unwarp_wf/brainextraction_wf/masker".
260514-00:31:14,65 nipype.workflow INFO:
	 [Node] Setting-up "fmriprep_23_2_wf.sub_pp03_wf.bold_task_vislocalizer_wf.bold_fit_wf.unwarp_wf.brainextraction_wf.masker" in "/gpfs/milgram/scratch60/turk-browne/aa2842/sandbox/auditory-object-scenes-data/bids_workdir/fmriprep_23_2_wf/sub_pp03_wf/bold_task_vislocalizer_wf/bold_fit_wf/unwarp_wf/brainextraction_wf/masker".
260514-00:31:14,65 nipype.workflow INFO:
	 [Node] Setting-up "fmriprep_23_2_wf.sub_pp03_wf.bold_task_audlocalizer_run_03_wf.bold_fit_wf.unwarp_wf.brainextraction_wf.masker" in "/gpfs/milgram/scratch60/turk-browne/aa2842/sandbox/auditory-object-scenes-data/bids_workdir/fmriprep_23_2_wf/sub_pp03_wf/bold_task_audlocalizer_run_03_wf/bold_fit_wf/unwarp_wf/brainextraction_wf/masker".
260514-00:31:14,69 nipype.workflow INFO:
	 [Node] Executing "masker" <sdcflows.interfaces.brainmask.BrainExtraction>
260514-00:31:14,75 nipype.workflow INFO:
	 [Node] Executing "masker" <sdcflows.interfaces.brainmask.BrainExtraction>
260514-00:31:14,76 nipype.workflow INFO:
	 [Node] Executing "masker" <sdcflows.interfaces.brainmask.BrainExtraction>
260514-00:31:14,762 nipype.workflow INFO:
	 [Node] Finished "skull_strip_extern", elapsed time 2.205247s.
260514-00:31:22,601 nipype.workflow INFO:
	 [Node] Finished "masker", elapsed time 8.525934s.
260514-00:31:22,849 nipype.workflow INFO:
	 [Node] Finished "masker", elapsed time 8.77955s.
260514-00:31:22,888 nipype.workflow INFO:
	 [Node] Finished "masker", elapsed time 8.811901s.
260514-00:31:24,67 nipype.workflow INFO:
	 [Node] Setting-up "fmriprep_23_2_wf.sub_pp03_wf.bold_task_audlocalizer_run_01_wf.bold_fit_wf.func_fit_reports_wf.sdecreg_report" in "/gpfs/milgram/scratch60/turk-browne/aa2842/sandbox/auditory-object-scenes-data/bids_workdir/fmriprep_23_2_wf/sub_pp03_wf/bold_task_audlocalizer_run_01_wf/bold_fit_wf/func_fit_reports_wf/sdecreg_report".
260514-00:31:24,88 nipype.workflow INFO:
	 [Node] Setting-up "fmriprep_23_2_wf.sub_pp03_wf.bold_task_audlocalizer_run_01_wf.bold_confounds_wf.dvars" in "/gpfs/milgram/scratch60/turk-browne/aa2842/sandbox/auditory-object-scenes-data/bids_workdir/fmriprep_23_2_wf/sub_pp03_wf/bold_task_audlocalizer_run_01_wf/bold_confounds_wf/dvars".
260514-00:31:24,88 nipype.workflow INFO:
	 [Node] Setting-up "fmriprep_23_2_wf.sub_pp03_wf.bold_task_audlocalizer_run_01_wf.bold_confounds_wf.tcompcor" in "/gpfs/milgram/scratch60/turk-browne/aa2842/sandbox/auditory-object-scenes-data/bids_workdir/fmriprep_23_2_wf/sub_pp03_wf/bold_task_audlocalizer_run_01_wf/bold_confounds_wf/tcompcor".
260514-00:31:24,91 nipype.workflow INFO:
	 [Node] Setting-up "fmriprep_23_2_wf.sub_pp03_wf.bold_task_audlocalizer_run_03_wf.bold_confounds_wf.dvars" in "/gpfs/milgram/scratch60/turk-browne/aa2842/sandbox/auditory-object-scenes-data/bids_workdir/fmriprep_23_2_wf/sub_pp03_wf/bold_task_audlocalizer_run_03_wf/bold_confounds_wf/dvars".
260514-00:31:24,95 nipype.workflow INFO:
	 [Node] Setting-up "fmriprep_23_2_wf.sub_pp03_wf.bold_task_audlocalizer_run_03_wf.bold_confounds_wf.tcompcor" in "/gpfs/milgram/scratch60/turk-browne/aa2842/sandbox/auditory-object-scenes-data/bids_workdir/fmriprep_23_2_wf/sub_pp03_wf/bold_task_audlocalizer_run_03_wf/bold_confounds_wf/tcompcor".
260514-00:31:24,109 nipype.workflow INFO:
	 [Node] Executing "dvars" <nipype.algorithms.confounds.ComputeDVARS>
260514-00:31:24,111 nipype.workflow INFO:
	 [Node] Executing "dvars" <nipype.algorithms.confounds.ComputeDVARS>
260514-00:31:24,138 nipype.workflow INFO:
	 [Node] Executing "tcompcor" <niworkflows.interfaces.patches.RobustTCompCor>
260514-00:31:24,142 nipype.workflow INFO:
	 [Node] Executing "tcompcor" <niworkflows.interfaces.patches.RobustTCompCor>
260514-00:31:24,147 nipype.workflow INFO:
	 [Node] Executing "sdecreg_report" <sdcflows.interfaces.reportlets.FieldmapReportlet>
260514-00:31:24,396 nipype.workflow INFO:
	 [Node] Setting-up "fmriprep_23_2_wf.sub_pp03_wf.bold_task_vislocalizer_wf.bold_fit_wf.func_fit_reports_wf.sdecreg_report" in "/gpfs/milgram/scratch60/turk-browne/aa2842/sandbox/auditory-object-scenes-data/bids_workdir/fmriprep_23_2_wf/sub_pp03_wf/bold_task_vislocalizer_wf/bold_fit_wf/func_fit_reports_wf/sdecreg_report".
260514-00:31:24,451 nipype.workflow INFO:
	 [Node] Executing "sdecreg_report" <sdcflows.interfaces.reportlets.FieldmapReportlet>
260514-00:31:24,470 nipype.workflow INFO:
	 [Node] Setting-up "fmriprep_23_2_wf.sub_pp03_wf.bold_task_audlocalizer_run_03_wf.bold_fit_wf.func_fit_reports_wf.sdecreg_report" in "/gpfs/milgram/scratch60/turk-browne/aa2842/sandbox/auditory-object-scenes-data/bids_workdir/fmriprep_23_2_wf/sub_pp03_wf/bold_task_audlocalizer_run_03_wf/bold_fit_wf/func_fit_reports_wf/sdecreg_report".
260514-00:31:24,480 nipype.workflow INFO:
	 [Node] Executing "sdecreg_report" <sdcflows.interfaces.reportlets.FieldmapReportlet>
260514-00:31:32,753 nipype.workflow INFO:
	 [Node] Finished "tcompcor", elapsed time 8.610828s.
260514-00:31:34,80 nipype.workflow INFO:
	 [Node] Setting-up "fmriprep_23_2_wf.sub_pp03_wf.bold_task_audlocalizer_run_03_wf.bold_confounds_wf.tcc_metadata_filter" in "/gpfs/milgram/scratch60/turk-browne/aa2842/sandbox/auditory-object-scenes-data/bids_workdir/fmriprep_23_2_wf/sub_pp03_wf/bold_task_audlocalizer_run_03_wf/bold_confounds_wf/tcc_metadata_filter".
260514-00:31:34,89 nipype.workflow INFO:
	 [Node] Executing "tcc_metadata_filter" <fmriprep.interfaces.confounds.FilterDropped>
260514-00:31:34,271 nipype.workflow INFO:
	 [Node] Finished "tcc_metadata_filter", elapsed time 0.181293s.
260514-00:31:35,487 nipype.workflow INFO:
	 [Node] Finished "sdecreg_report", elapsed time 11.034602s.
260514-00:31:36,103 nipype.workflow INFO:
	 [Node] Setting-up "fmriprep_23_2_wf.sub_pp03_wf.bold_task_audlocalizer_run_03_wf.bold_confounds_wf.tcc_metadata_fmt" in "/gpfs/milgram/scratch60/turk-browne/aa2842/sandbox/auditory-object-scenes-data/bids_workdir/fmriprep_23_2_wf/sub_pp03_wf/bold_task_audlocalizer_run_03_wf/bold_confounds_wf/tcc_metadata_fmt".
260514-00:31:36,103 nipype.workflow INFO:
	 [Node] Setting-up "fmriprep_23_2_wf.sub_pp03_wf.bold_task_vislocalizer_wf.bold_fit_wf.func_fit_reports_wf.ds_sdcreg_report" in "/gpfs/milgram/scratch60/turk-browne/aa2842/sandbox/auditory-object-scenes-data/bids_workdir/fmriprep_23_2_wf/sub_pp03_wf/bold_task_vislocalizer_wf/bold_fit_wf/func_fit_reports_wf/ds_sdcreg_report".
260514-00:31:36,111 nipype.workflow INFO:
	 [Node] Executing "ds_sdcreg_report" <fmriprep.interfaces.DerivativesDataSink>
260514-00:31:36,118 nipype.workflow INFO:
	 [Node] Finished "ds_sdcreg_report", elapsed time 0.006238s.
260514-00:31:36,372 nipype.workflow INFO:
	 [Node] Executing "tcc_metadata_fmt" <niworkflows.interfaces.utility.TSV2JSON>
260514-00:31:36,379 nipype.workflow INFO:
	 [Node] Finished "tcc_metadata_fmt", elapsed time 0.006114s.
260514-00:31:37,292 nipype.workflow INFO:
	 [Node] Finished "sdecreg_report", elapsed time 13.144366s.
260514-00:31:38,71 nipype.workflow INFO:
	 [Node] Setting-up "fmriprep_23_2_wf.sub_pp03_wf.bold_task_audlocalizer_run_01_wf.bold_fit_wf.func_fit_reports_wf.ds_sdcreg_report" in "/gpfs/milgram/scratch60/turk-browne/aa2842/sandbox/auditory-object-scenes-data/bids_workdir/fmriprep_23_2_wf/sub_pp03_wf/bold_task_audlocalizer_run_01_wf/bold_fit_wf/func_fit_reports_wf/ds_sdcreg_report".
260514-00:31:38,77 nipype.workflow INFO:
	 [Node] Executing "ds_sdcreg_report" <fmriprep.interfaces.DerivativesDataSink>
260514-00:31:38,87 nipype.workflow INFO:
	 [Node] Finished "ds_sdcreg_report", elapsed time 0.009307s.
260514-00:31:38,740 nipype.workflow INFO:
	 [Node] Finished "sdecreg_report", elapsed time 14.25922s.
260514-00:31:40,75 nipype.workflow INFO:
	 [Node] Setting-up "fmriprep_23_2_wf.sub_pp03_wf.bold_task_audlocalizer_run_03_wf.bold_fit_wf.func_fit_reports_wf.ds_sdcreg_report" in "/gpfs/milgram/scratch60/turk-browne/aa2842/sandbox/auditory-object-scenes-data/bids_workdir/fmriprep_23_2_wf/sub_pp03_wf/bold_task_audlocalizer_run_03_wf/bold_fit_wf/func_fit_reports_wf/ds_sdcreg_report".
260514-00:31:40,81 nipype.workflow INFO:
	 [Node] Executing "ds_sdcreg_report" <fmriprep.interfaces.DerivativesDataSink>
260514-00:31:40,91 nipype.workflow INFO:
	 [Node] Finished "ds_sdcreg_report", elapsed time 0.009144s.
260514-00:31:41,738 nipype.workflow INFO:
	 [Node] Finished "tcompcor", elapsed time 17.599319s.
260514-00:31:42,75 nipype.workflow INFO:
	 [Node] Setting-up "fmriprep_23_2_wf.sub_pp03_wf.bold_task_audlocalizer_run_01_wf.bold_confounds_wf.tcc_metadata_filter" in "/gpfs/milgram/scratch60/turk-browne/aa2842/sandbox/auditory-object-scenes-data/bids_workdir/fmriprep_23_2_wf/sub_pp03_wf/bold_task_audlocalizer_run_01_wf/bold_confounds_wf/tcc_metadata_filter".
260514-00:31:42,80 nipype.workflow INFO:
	 [Node] Executing "tcc_metadata_filter" <fmriprep.interfaces.confounds.FilterDropped>
260514-00:31:42,84 nipype.workflow INFO:
	 [Node] Finished "tcc_metadata_filter", elapsed time 0.003535s.
260514-00:31:44,80 nipype.workflow INFO:
	 [Node] Setting-up "fmriprep_23_2_wf.sub_pp03_wf.bold_task_audlocalizer_run_01_wf.bold_confounds_wf.tcc_metadata_fmt" in "/gpfs/milgram/scratch60/turk-browne/aa2842/sandbox/auditory-object-scenes-data/bids_workdir/fmriprep_23_2_wf/sub_pp03_wf/bold_task_audlocalizer_run_01_wf/bold_confounds_wf/tcc_metadata_fmt".
260514-00:31:44,327 nipype.workflow INFO:
	 [Node] Executing "tcc_metadata_fmt" <niworkflows.interfaces.utility.TSV2JSON>
260514-00:31:44,332 nipype.workflow INFO:
	 [Node] Finished "tcc_metadata_fmt", elapsed time 0.004204s.
260514-00:32:10,956 nipype.workflow INFO:
	 [Node] Finished "boldref_bold", elapsed time 82.806592s.
260514-00:32:12,102 nipype.workflow INFO:
	 [Node] Setting-up "fmriprep_23_2_wf.sub_pp03_wf.bold_task_vislocalizer_wf.bold_confounds_wf.dvars" in "/gpfs/milgram/scratch60/turk-browne/aa2842/sandbox/auditory-object-scenes-data/bids_workdir/fmriprep_23_2_wf/sub_pp03_wf/bold_task_vislocalizer_wf/bold_confounds_wf/dvars".
260514-00:32:12,102 nipype.workflow INFO:
	 [Node] Setting-up "fmriprep_23_2_wf.sub_pp03_wf.bold_task_vislocalizer_wf.bold_confounds_wf.tcompcor" in "/gpfs/milgram/scratch60/turk-browne/aa2842/sandbox/auditory-object-scenes-data/bids_workdir/fmriprep_23_2_wf/sub_pp03_wf/bold_task_vislocalizer_wf/bold_confounds_wf/tcompcor".
260514-00:32:12,103 nipype.workflow INFO:
	 [Node] Setting-up "fmriprep_23_2_wf.sub_pp03_wf.anat_fit_wf.surface_recon_wf.autorecon_resume_wf.gcareg" in "/gpfs/milgram/scratch60/turk-browne/aa2842/sandbox/auditory-object-scenes-data/bids_workdir/fmriprep_23_2_wf/sub_pp03_wf/anat_fit_wf/surface_recon_wf/autorecon_resume_wf/gcareg".
260514-00:32:12,106 nipype.workflow INFO:
	 [Node] Executing "dvars" <nipype.algorithms.confounds.ComputeDVARS>
260514-00:32:12,107 nipype.workflow INFO:
	 [Node] Executing "gcareg" <smriprep.interfaces.freesurfer.ReconAll>
260514-00:32:12,108 nipype.interface INFO:
	 resume recon-all : recon-all -openmp 8 -subjid sub-pp03 -sd /gpfs/milgram/scratch60/turk-browne/aa2842/sandbox/auditory-object-scenes-data/objects_scenes_bids/derivatives/sourcedata/freesurfer -gcareg
260514-00:32:12,108 nipype.interface INFO:
	 resume recon-all : recon-all -openmp 8 -subjid sub-pp03 -sd /gpfs/milgram/scratch60/turk-browne/aa2842/sandbox/auditory-object-scenes-data/objects_scenes_bids/derivatives/sourcedata/freesurfer -gcareg
260514-00:32:12,139 nipype.workflow INFO:
	 [Node] Executing "tcompcor" <niworkflows.interfaces.patches.RobustTCompCor>
260514-00:32:14,208 nipype.workflow INFO:
	 [Node] Finished "dvars", elapsed time 50.098573s.
260514-00:32:24,656 nipype.workflow INFO:
	 [Node] Finished "dvars", elapsed time 60.544748s.
260514-00:32:31,751 nipype.workflow INFO:
	 [Node] Finished "tcompcor", elapsed time 19.611489s.
260514-00:32:32,119 nipype.workflow INFO:
	 [Node] Setting-up "fmriprep_23_2_wf.sub_pp03_wf.bold_task_vislocalizer_wf.bold_confounds_wf.tcc_metadata_filter" in "/gpfs/milgram/scratch60/turk-browne/aa2842/sandbox/auditory-object-scenes-data/bids_workdir/fmriprep_23_2_wf/sub_pp03_wf/bold_task_vislocalizer_wf/bold_confounds_wf/tcc_metadata_filter".
260514-00:32:32,122 nipype.workflow INFO:
	 [Node] Executing "tcc_metadata_filter" <fmriprep.interfaces.confounds.FilterDropped>
260514-00:32:32,127 nipype.workflow INFO:
	 [Node] Finished "tcc_metadata_filter", elapsed time 0.003946s.
260514-00:32:34,124 nipype.workflow INFO:
	 [Node] Setting-up "fmriprep_23_2_wf.sub_pp03_wf.bold_task_vislocalizer_wf.bold_confounds_wf.tcc_metadata_fmt" in "/gpfs/milgram/scratch60/turk-browne/aa2842/sandbox/auditory-object-scenes-data/bids_workdir/fmriprep_23_2_wf/sub_pp03_wf/bold_task_vislocalizer_wf/bold_confounds_wf/tcc_metadata_fmt".
260514-00:32:34,127 nipype.workflow INFO:
	 [Node] Executing "tcc_metadata_fmt" <niworkflows.interfaces.utility.TSV2JSON>
260514-00:32:34,130 nipype.workflow INFO:
	 [Node] Finished "tcc_metadata_fmt", elapsed time 0.00247s.
260514-00:32:46,595 nipype.workflow INFO:
	 [Node] Finished "fsnative2t1w_xfm", elapsed time 94.479977s.
260514-00:33:19,385 nipype.workflow INFO:
	 [Node] Finished "dvars", elapsed time 67.278817s.
260514-00:33:47,793 nipype.workflow INFO:
	 [Node] Finished "gcareg", elapsed time 95.685062s.
260514-00:33:48,238 nipype.workflow INFO:
	 [Node] Setting-up "fmriprep_23_2_wf.sub_pp03_wf.anat_fit_wf.surface_recon_wf.autorecon_resume_wf.autorecon2_vol" in "/gpfs/milgram/scratch60/turk-browne/aa2842/sandbox/auditory-object-scenes-data/bids_workdir/fmriprep_23_2_wf/sub_pp03_wf/anat_fit_wf/surface_recon_wf/autorecon_resume_wf/autorecon2_vol".
260514-00:33:48,243 nipype.workflow INFO:
	 [Node] Executing "autorecon2_vol" <smriprep.interfaces.freesurfer.ReconAll>
260514-00:33:48,244 nipype.interface INFO:
	 resume recon-all : recon-all -autorecon2-volonly -openmp 8 -subjid sub-pp03 -sd /gpfs/milgram/scratch60/turk-browne/aa2842/sandbox/auditory-object-scenes-data/objects_scenes_bids/derivatives/sourcedata/freesurfer -nogcareg
260514-00:33:48,244 nipype.interface INFO:
	 resume recon-all : recon-all -autorecon2-volonly -openmp 8 -subjid sub-pp03 -sd /gpfs/milgram/scratch60/turk-browne/aa2842/sandbox/auditory-object-scenes-data/objects_scenes_bids/derivatives/sourcedata/freesurfer -nogcareg
260514-02:20:47,472 nipype.workflow INFO:
	 [Node] Finished "autorecon2_vol", elapsed time 6419.228362s.
260514-02:20:50,371 nipype.workflow INFO:
	 [Node] Setting-up "_autorecon_surfs0" in "/gpfs/milgram/scratch60/turk-browne/aa2842/sandbox/auditory-object-scenes-data/bids_workdir/fmriprep_23_2_wf/sub_pp03_wf/anat_fit_wf/surface_recon_wf/autorecon_resume_wf/autorecon_surfs/mapflow/_autorecon_surfs0".
260514-02:20:50,396 nipype.workflow INFO:
	 [Node] Executing "_autorecon_surfs0" <smriprep.interfaces.freesurfer.ReconAll>
260514-02:20:50,397 nipype.interface INFO:
	 resume recon-all : recon-all -autorecon-hemi lh -noparcstats -noparcstats2 -noparcstats3 -nohyporelabel -nobalabels -lh-only -openmp 8 -subjid sub-pp03 -sd /gpfs/milgram/scratch60/turk-browne/aa2842/sandbox/auditory-object-scenes-data/objects_scenes_bids/derivatives/sourcedata/freesurfer 
260514-02:20:50,398 nipype.interface INFO:
	 resume recon-all : recon-all -autorecon-hemi lh -noparcstats -noparcstats2 -noparcstats3 -nohyporelabel -nobalabels -lh-only -openmp 8 -subjid sub-pp03 -sd /gpfs/milgram/scratch60/turk-browne/aa2842/sandbox/auditory-object-scenes-data/objects_scenes_bids/derivatives/sourcedata/freesurfer 
260514-02:20:50,419 nipype.workflow INFO:
	 [Node] Setting-up "_autorecon_surfs1" in "/gpfs/milgram/scratch60/turk-browne/aa2842/sandbox/auditory-object-scenes-data/bids_workdir/fmriprep_23_2_wf/sub_pp03_wf/anat_fit_wf/surface_recon_wf/autorecon_resume_wf/autorecon_surfs/mapflow/_autorecon_surfs1".
260514-02:20:50,422 nipype.workflow INFO:
	 [Node] Executing "_autorecon_surfs1" <smriprep.interfaces.freesurfer.ReconAll>
260514-02:20:50,423 nipype.interface INFO:
	 resume recon-all : recon-all -autorecon-hemi rh -noparcstats -noparcstats2 -noparcstats3 -nohyporelabel -nobalabels -rh-only -openmp 8 -subjid sub-pp03 -sd /gpfs/milgram/scratch60/turk-browne/aa2842/sandbox/auditory-object-scenes-data/objects_scenes_bids/derivatives/sourcedata/freesurfer 
260514-02:20:50,424 nipype.interface INFO:
	 resume recon-all : recon-all -autorecon-hemi rh -noparcstats -noparcstats2 -noparcstats3 -nohyporelabel -nobalabels -rh-only -openmp 8 -subjid sub-pp03 -sd /gpfs/milgram/scratch60/turk-browne/aa2842/sandbox/auditory-object-scenes-data/objects_scenes_bids/derivatives/sourcedata/freesurfer 
260514-02:57:20,231 nipype.workflow INFO:
	 [Node] Finished "_autorecon_surfs1", elapsed time 2189.808199s.
260514-03:02:37,848 nipype.workflow INFO:
	 [Node] Finished "_autorecon_surfs0", elapsed time 2507.451844s.
260514-03:02:38,904 nipype.workflow INFO:
	 [Node] Setting-up "_autorecon_surfs0" in "/gpfs/milgram/scratch60/turk-browne/aa2842/sandbox/auditory-object-scenes-data/bids_workdir/fmriprep_23_2_wf/sub_pp03_wf/anat_fit_wf/surface_recon_wf/autorecon_resume_wf/autorecon_surfs/mapflow/_autorecon_surfs0".
260514-03:02:38,907 nipype.workflow INFO:
	 [Node] Executing "_autorecon_surfs0" <smriprep.interfaces.freesurfer.ReconAll>
260514-03:02:38,908 nipype.interface INFO:
	 recon-all complete : Not running
260514-03:02:38,909 nipype.interface INFO:
	 recon-all complete : Not running
260514-03:02:39,17 nipype.workflow INFO:
	 [Node] Finished "_autorecon_surfs0", elapsed time 0.109088s.
260514-03:02:39,21 nipype.workflow INFO:
	 [Node] Setting-up "_autorecon_surfs1" in "/gpfs/milgram/scratch60/turk-browne/aa2842/sandbox/auditory-object-scenes-data/bids_workdir/fmriprep_23_2_wf/sub_pp03_wf/anat_fit_wf/surface_recon_wf/autorecon_resume_wf/autorecon_surfs/mapflow/_autorecon_surfs1".
260514-03:02:39,23 nipype.workflow INFO:
	 [Node] Executing "_autorecon_surfs1" <smriprep.interfaces.freesurfer.ReconAll>
260514-03:02:39,25 nipype.interface INFO:
	 recon-all complete : Not running
260514-03:02:39,25 nipype.interface INFO:
	 recon-all complete : Not running
260514-03:02:39,125 nipype.workflow INFO:
	 [Node] Finished "_autorecon_surfs1", elapsed time 0.100903s.
260514-03:02:41,441 nipype.workflow INFO:
	 [Node] Setting-up "fmriprep_23_2_wf.sub_pp03_wf.anat_fit_wf.surface_recon_wf.autorecon_resume_wf.cortribbon" in "/gpfs/milgram/scratch60/turk-browne/aa2842/sandbox/auditory-object-scenes-data/bids_workdir/fmriprep_23_2_wf/sub_pp03_wf/anat_fit_wf/surface_recon_wf/autorecon_resume_wf/cortribbon".
260514-03:02:41,459 nipype.workflow INFO:
	 [Node] Executing "cortribbon" <smriprep.interfaces.freesurfer.ReconAll>
260514-03:02:41,460 nipype.interface INFO:
	 resume recon-all : recon-all -parallel -subjid sub-pp03 -sd /gpfs/milgram/scratch60/turk-browne/aa2842/sandbox/auditory-object-scenes-data/objects_scenes_bids/derivatives/sourcedata/freesurfer -T2pial -cortribbon
260514-03:02:41,461 nipype.interface INFO:
	 resume recon-all : recon-all -parallel -subjid sub-pp03 -sd /gpfs/milgram/scratch60/turk-browne/aa2842/sandbox/auditory-object-scenes-data/objects_scenes_bids/derivatives/sourcedata/freesurfer -T2pial -cortribbon
260514-03:09:08,308 nipype.workflow INFO:
	 [Node] Finished "cortribbon", elapsed time 386.84753s.
260514-03:09:08,312 nipype.workflow WARNING:
	 [Node] Error on "fmriprep_23_2_wf.sub_pp03_wf.anat_fit_wf.surface_recon_wf.autorecon_resume_wf.cortribbon" (/gpfs/milgram/scratch60/turk-browne/aa2842/sandbox/auditory-object-scenes-data/bids_workdir/fmriprep_23_2_wf/sub_pp03_wf/anat_fit_wf/surface_recon_wf/autorecon_resume_wf/cortribbon)
260514-03:09:09,132 nipype.workflow ERROR:
	 Node cortribbon failed to run on host r812u31n01.milgram.ycrc.yale.edu.
260514-03:09:09,148 nipype.workflow ERROR:
	 Saving crash info to /gpfs/milgram/scratch60/turk-browne/aa2842/sandbox/auditory-object-scenes-data/objects_scenes_bids/derivatives/sub-pp03/log/20260514-000745_ab10a736-3148-478d-9e74-479dcde08fba/crash-20260514-030909-aa2842-cortribbon-45033c56-f617-4332-8056-86ae01a33329.txt
Traceback (most recent call last):
  File "/opt/conda/envs/fmriprep/lib/python3.10/site-packages/nipype/pipeline/plugins/multiproc.py", line 67, in run_node
    result["result"] = node.run(updatehash=updatehash)
  File "/opt/conda/envs/fmriprep/lib/python3.10/site-packages/nipype/pipeline/engine/nodes.py", line 527, in run
    result = self._run_interface(execute=True)
  File "/opt/conda/envs/fmriprep/lib/python3.10/site-packages/nipype/pipeline/engine/nodes.py", line 645, in _run_interface
    return self._run_command(execute)
  File "/opt/conda/envs/fmriprep/lib/python3.10/site-packages/nipype/pipeline/engine/nodes.py", line 771, in _run_command
    raise NodeExecutionError(msg)
nipype.pipeline.engine.nodes.NodeExecutionError: Exception raised while executing Node cortribbon.

Cmdline:
	recon-all -parallel -subjid sub-pp03 -sd /gpfs/milgram/scratch60/turk-browne/aa2842/sandbox/auditory-object-scenes-data/objects_scenes_bids/derivatives/sourcedata/freesurfer -T2pial -cortribbon
Stdout:
	fs-check-version --s sub-pp03 --o /tmp/tmp.RDpEpb
	Thu May 14 03:02:41 EDT 2026

	setenv SUBJECTS_DIR /gpfs/milgram/scratch60/turk-browne/aa2842/sandbox/auditory-object-scenes-data/objects_scenes_bids/derivatives/sourcedata/freesurfer
	cd /gpfs/milgram/scratch60/turk-browne/aa2842/sandbox/auditory-object-scenes-data/bids_workdir/fmriprep_23_2_wf/sub_pp03_wf/anat_fit_wf/surface_recon_wf/autorecon_resume_wf/cortribbon
	/opt/freesurfer/bin/fs-check-version --s sub-pp03 --o /tmp/tmp.RDpEpb
	-rwxrwxr-x 1 aa2842 turk-browne 18565 Aug  4  2022 /opt/freesurfer/bin/fs-check-version

	freesurfer-linux-ubuntu22_x86_64-7.3.2-20220804-6354275
	$Id$
	Linux r812u31n01.milgram.ycrc.yale.edu 4.18.0-553.87.1.el8_10.x86_64 #1 SMP Tue Nov 25 00:57:14 EST 2025 x86_64 x86_64 x86_64 GNU/Linux
	pid 607848
	Current FS Version freesurfer-linux-ubuntu22_x86_64-7.3.2-20220804-6354275
	bstampfile exists /gpfs/milgram/scratch60/turk-browne/aa2842/sandbox/auditory-object-scenes-data/objects_scenes_bids/derivatives/sourcedata/freesurfer/sub-pp03/scripts/build-stamp.txt
	Subject FS Version: freesurfer-linux-ubuntu22_x86_64-7.3.2-20220804-6354275
	No constraints on version because REQ=UnSet and FsVerFile=NotThere
	#@#% fs-check-version match = 1
	fs-check-version Done
	INFO: SUBJECTS_DIR is /gpfs/milgram/scratch60/turk-browne/aa2842/sandbox/auditory-object-scenes-data/objects_scenes_bids/derivatives/sourcedata/freesurfer
	Actual FREESURFER_HOME /opt/freesurfer
	-rw-rw-r-- 1 aa2842 turk-browne 256778 May 14 02:20 /gpfs/milgram/scratch60/turk-browne/aa2842/sandbox/auditory-object-scenes-data/objects_scenes_bids/derivatives/sourcedata/freesurfer/sub-pp03/scripts/recon-all.log
	Linux r812u31n01.milgram.ycrc.yale.edu 4.18.0-553.87.1.el8_10.x86_64 #1 SMP Tue Nov 25 00:57:14 EST 2025 x86_64 x86_64 x86_64 GNU/Linux
	/gpfs/milgram/scratch60/turk-browne/aa2842/sandbox/auditory-object-scenes-data/objects_scenes_bids/derivatives/sourcedata/freesurfer/sub-pp03/mri/transforms /gpfs/milgram/scratch60/turk-browne/aa2842/sandbox/auditory-object-scenes-data/objects_scenes_bids/derivatives/sourcedata/freesurfer/sub-pp03 
	/gpfs/milgram/scratch60/turk-browne/aa2842/sandbox/auditory-object-scenes-data/objects_scenes_bids/derivatives/sourcedata/freesurfer/sub-pp03 
	#--------------------------------------------
	#@# Refine Pial Surfs w/ T2/FLAIR Thu May 14 03:02:42 EDT 2026

	 bbregister --s sub-pp03 --mov /gpfs/milgram/scratch60/turk-browne/aa2842/sandbox/auditory-object-scenes-data/objects_scenes_bids/derivatives/sourcedata/freesurfer/sub-pp03/mri/orig/T2raw.mgz --lta /gpfs/milgram/scratch60/turk-browne/aa2842/sandbox/auditory-object-scenes-data/objects_scenes_bids/derivatives/sourcedata/freesurfer/sub-pp03/mri/transforms/T2raw.auto.lta --init-coreg --T2 --gm-proj-abs 2 --wm-proj-abs 1 --no-coreg-ref-mask 

	tmp /gpfs/milgram/scratch60/turk-browne/aa2842/sandbox/auditory-object-scenes-data/objects_scenes_bids/derivatives/sourcedata/freesurfer/sub-pp03/mri/transforms/tmp.bbregister.608066
	Log file is /gpfs/milgram/scratch60/turk-browne/aa2842/sandbox/auditory-object-scenes-data/objects_scenes_bids/derivatives/sourcedata/freesurfer/sub-pp03/mri/transforms/T2raw.auto.log
	Thu May 14 03:02:42 EDT 2026

	setenv SUBJECTS_DIR /gpfs/milgram/scratch60/turk-browne/aa2842/sandbox/auditory-object-scenes-data/objects_scenes_bids/derivatives/sourcedata/freesurfer
	cd /gpfs/milgram/scratch60/turk-browne/aa2842/sandbox/auditory-object-scenes-data/objects_scenes_bids/derivatives/sourcedata/freesurfer/sub-pp03/scripts
	/opt/freesurfer/bin/bbregister --s sub-pp03 --mov /gpfs/milgram/scratch60/turk-browne/aa2842/sandbox/auditory-object-scenes-data/objects_scenes_bids/derivatives/sourcedata/freesurfer/sub-pp03/mri/orig/T2raw.mgz --lta /gpfs/milgram/scratch60/turk-browne/aa2842/sandbox/auditory-object-scenes-data/objects_scenes_bids/derivatives/sourcedata/freesurfer/sub-pp03/mri/transforms/T2raw.auto.lta --init-coreg --T2 --gm-proj-abs 2 --wm-proj-abs 1 --no-coreg-ref-mask

	bbregister 7.3.2
	Linux r812u31n01.milgram.ycrc.yale.edu 4.18.0-553.87.1.el8_10.x86_64 #1 SMP Tue Nov 25 00:57:14 EST 2025 x86_64 x86_64 x86_64 GNU/Linux
	FREESURFER_HOME /opt/freesurfer
	mri_convert /gpfs/milgram/scratch60/turk-browne/aa2842/sandbox/auditory-object-scenes-data/objects_scenes_bids/derivatives/sourcedata/freesurfer/sub-pp03/mri/orig/T2raw.mgz /gpfs/milgram/scratch60/turk-browne/aa2842/sandbox/auditory-object-scenes-data/objects_scenes_bids/derivatives/sourcedata/freesurfer/sub-pp03/mri/transforms/tmp.bbregister.608066/template.nii
	mri_convert /gpfs/milgram/scratch60/turk-browne/aa2842/sandbox/auditory-object-scenes-data/objects_scenes_bids/derivatives/sourcedata/freesurfer/sub-pp03/mri/orig/T2raw.mgz /gpfs/milgram/scratch60/turk-browne/aa2842/sandbox/auditory-object-scenes-data/objects_scenes_bids/derivatives/sourcedata/freesurfer/sub-pp03/mri/transforms/tmp.bbregister.608066/template.nii 
	reading from /gpfs/milgram/scratch60/turk-browne/aa2842/sandbox/auditory-object-scenes-data/objects_scenes_bids/derivatives/sourcedata/freesurfer/sub-pp03/mri/orig/T2raw.mgz...
	TR=3200.00, TE=0.00, TI=0.00, flip angle=0.00
	i_ras = (0.998838, 0.0431885, 0.02141)
	j_ras = (-0.024263, 0.834231, -0.550881)
	k_ras = (-0.0416526, 0.549721, 0.834309)
	writing to /gpfs/milgram/scratch60/turk-browne/aa2842/sandbox/auditory-object-scenes-data/objects_scenes_bids/derivatives/sourcedata/freesurfer/sub-pp03/mri/transforms/tmp.bbregister.608066/template.nii...
	mri_coreg --s sub-pp03 --mov /gpfs/milgram/scratch60/turk-browne/aa2842/sandbox/auditory-object-scenes-data/objects_scenes_bids/derivatives/sourcedata/freesurfer/sub-pp03/mri/transforms/tmp.bbregister.608066/template.nii --regdat /gpfs/milgram/scratch60/turk-browne/aa2842/sandbox/auditory-object-scenes-data/objects_scenes_bids/derivatives/sourcedata/freesurfer/sub-pp03/mri/transforms/tmp.bbregister.608066/reg.init.dat --reg /gpfs/milgram/scratch60/turk-browne/aa2842/sandbox/auditory-object-scenes-data/objects_scenes_bids/derivatives/sourcedata/freesurfer/sub-pp03/mri/transforms/tmp.bbregister.608066/mri_coreg.lta --nthreads 4 --dof 6 --sep 4 --ftol .0001 --linmintol .01 --no-ref-mask

	$Id: mri_coreg.c,v 1.27 2016/04/30 15:11:49 greve Exp $
	cwd /gpfs/milgram/scratch60/turk-browne/aa2842/sandbox/auditory-object-scenes-data/objects_scenes_bids/derivatives/sourcedata/freesurfer/sub-pp03/scripts
	cmdline mri_coreg --s sub-pp03 --mov /gpfs/milgram/scratch60/turk-browne/aa2842/sandbox/auditory-object-scenes-data/objects_scenes_bids/derivatives/sourcedata/freesurfer/sub-pp03/mri/transforms/tmp.bbregister.608066/template.nii --regdat /gpfs/milgram/scratch60/turk-browne/aa2842/sandbox/auditory-object-scenes-data/objects_scenes_bids/derivatives/sourcedata/freesurfer/sub-pp03/mri/transforms/tmp.bbregister.608066/reg.init.dat --reg /gpfs/milgram/scratch60/turk-browne/aa2842/sandbox/auditory-object-scenes-data/objects_scenes_bids/derivatives/sourcedata/freesurfer/sub-pp03/mri/transforms/tmp.bbregister.608066/mri_coreg.lta --nthreads 4 --dof 6 --sep 4 --ftol .0001 --linmintol .01 --no-ref-mask 
	sysname  Linux
	hostname r812u31n01.milgram.ycrc.yale.edu
	machine  x86_64
	user     aa2842
	dof    6
	nsep    1
	cras0    1
	ftol    0.000100
	linmintol    0.010000
	bf       1
	bflim    30.000000
	bfnsamp    30
	SmoothRef 0
	SatPct    99.990000
	MovOOB 0
	optschema 1
	Seed 53
	Reading in mov /gpfs/milgram/scratch60/turk-browne/aa2842/sandbox/auditory-object-scenes-data/objects_scenes_bids/derivatives/sourcedata/freesurfer/sub-pp03/mri/transforms/tmp.bbregister.608066/template.nii
	Reading in ref /gpfs/milgram/scratch60/turk-browne/aa2842/sandbox/auditory-object-scenes-data/objects_scenes_bids/derivatives/sourcedata/freesurfer/sub-pp03/mri/brainmask.mgz
	Setting cras translation parameters to align volume centers
	Creating random numbers for coordinate dithering
	Performing intensity dithering
	Performing intensity dithering on mov with computed dither
	Init matrix params -0.1443 -7.6357 -21.3194  0.0000  0.0000  0.0000  1.0000  1.0000  1.0000  0.0000  0.0000  0.0000 
	Initial parameters to be opt -0.1443 -7.6357 -21.3194  0.0000  0.0000  0.0000 
	Separation list (1):  4   min = 4
	DoSmoothing 1
	DoCoordDither 1
	DoIntensityDither 1
	nitersmax 4
	ftol 1.000e-04
	linmintol 1.000e-02
	SatPct 99.990000
	Hist FWHM 7.000000 7.000000
	nthreads 4
	movsat = 481.0000
	mov gstd 1.9368 1.9381 1.9368
	Smoothing mov
	refsat = 185.0000
	ref gstd 1.9140 1.9140 1.9140
	Smoothing ref
	COREGpreproc() done
	Testing if mov and target overlap
	Init cost   -1.0339937718
	nhits = 53686 out of 32768000, Percent Overlap:  10.5
	Initial  RefRAS-to-MovRAS
	 1.00000   0.00000   0.00000  -0.14432;
	 0.00000   1.00000   0.00000  -7.63573;
	 0.00000   0.00000   1.00000  -21.31944;
	 0.00000   0.00000   0.00000   1.00000;
	Initial  RefVox-to-MovVox
	-1.53422  -0.03289   0.06634   403.87177;
	 0.03882   0.88141   1.33477  -308.17242;
	 0.06398  -1.28150   0.84437   251.01720;
	 0.00000   0.00000   0.00000   1.00000;
	sep = 4 -----------------------------------
	COREGoptBruteForce() 30 1 30
	Turning on MovOOB for BruteForce Search
	#BF# sep= 4 iter=0 lim=30.0 delta=2.00  -0.14432   2.36427   0.68056 -30.00000   2.00000   4.00000   -1.0224430
	Turning  MovOOB back off after brute force search


	---------------------------------
	Init Powel Params dof = 6: -0.144318 2.364273 0.680557 -30.000000 2.000000 4.000000 
	Starting OpenPowel2(), sep = 4
	InitialCost        -1.0563206673 
	#@#  4  188  -0.14432 2.36427 0.68056 -30.00000 2.00000 4.00000   -1.0563207
	fs_powell::minimize
	  nparams 6
	  maxfev 4
	  ftol   0.000100
	  linmin_xtol_   0.010000
	  powell nthiter 0: fret = -1.056321
	#@#  4  193  -0.76235 2.36427 0.68056 -30.00000 2.00000 4.00000   -1.0563964
	#@#  4  197  -0.74427 2.36427 0.68056 -30.00000 2.00000 4.00000   -1.0563993
	#@#  4  201  -0.74427 3.36427 0.68056 -30.00000 2.00000 4.00000   -1.0564008
	#@#  4  204  -0.74427 3.98231 0.68056 -30.00000 2.00000 4.00000   -1.0564212
	#@#  4  215  -0.74427 3.98231 -0.93748 -30.00000 2.00000 4.00000   -1.0576395
	#@#  4  216  -0.74427 3.98231 -3.68666 -30.00000 2.00000 4.00000   -1.0591536
	#@#  4  219  -0.74427 3.98231 -5.43310 -30.00000 2.00000 4.00000   -1.0594532
	#@#  4  222  -0.74427 3.98231 -5.71811 -30.00000 2.00000 4.00000   -1.0594869
	#@#  4  225  -0.74427 3.98231 -5.68693 -30.00000 2.00000 4.00000   -1.0594949
	#@#  4  229  -0.74427 3.98231 -5.67693 -30.00000 2.00000 4.00000   -1.0594980
	#@#  4  231  -0.74427 3.98231 -5.67693 -29.00000 2.00000 4.00000   -1.0597637
	#@#  4  232  -0.74427 3.98231 -5.67693 -27.38197 2.00000 4.00000   -1.0600226
	#@#  4  233  -0.74427 3.98231 -5.67693 -26.20911 2.00000 4.00000   -1.0603586
	#@#  4  234  -0.74427 3.98231 -5.67693 -24.31140 2.00000 4.00000   -1.0609523
	#@#  4  235  -0.74427 3.98231 -5.67693 -21.24083 2.00000 4.00000   -1.0618193
	#@#  4  236  -0.74427 3.98231 -5.67693 0.24496 2.00000 4.00000   -1.0634447
	#@#  4  241  -0.74427 3.98231 -5.67693 -7.96188 2.00000 4.00000   -1.0634503
	#@#  4  248  -0.74427 3.98231 -5.67693 -7.44428 2.00000 4.00000   -1.0634559
	#@#  4  252  -0.74427 3.98231 -5.67693 -7.51980 2.00000 4.00000   -1.0634723
	#@#  4  258  -0.74427 3.98231 -5.67693 -7.51980 0.38197 4.00000   -1.0638208
	#@#  4  259  -0.74427 3.98231 -5.67693 -7.51980 -2.07246 4.00000   -1.0642705
	#@#  4  264  -0.74427 3.98231 -5.67693 -7.51980 -2.29988 4.00000   -1.0642858
	#@#  4  265  -0.74427 3.98231 -5.67693 -7.51980 -2.53003 4.00000   -1.0643086
	#@#  4  266  -0.74427 3.98231 -5.67693 -7.51980 -2.93200 4.00000   -1.0643213
	#@#  4  276  -0.74427 3.98231 -5.67693 -7.51980 -2.93200 2.38197   -1.0645456
	#@#  4  277  -0.74427 3.98231 -5.67693 -7.51980 -2.93200 2.25910   -1.0645549
	#@#  4  282  -0.74427 3.98231 -5.67693 -7.51980 -2.93200 2.20423   -1.0645632
	  powell nthiter 1: fret = -1.064563
	#@#  4  288  0.25573 3.98231 -5.67693 -7.51980 -2.93200 2.20423   -1.0647888
	#@#  4  300  0.25573 2.36427 -5.67693 -7.51980 -2.93200 2.20423   -1.0648142
	#@#  4  305  0.25573 2.98231 -5.67693 -7.51980 -2.93200 2.20423   -1.0648206
	#@#  4  306  0.25573 2.77304 -5.67693 -7.51980 -2.93200 2.20423   -1.0648460
	#@#  4  312  0.25573 2.77304 -4.67693 -7.51980 -2.93200 2.20423   -1.0676794
	#@#  4  313  0.25573 2.77304 -3.05889 -7.51980 -2.93200 2.20423   -1.0716153
	#@#  4  316  0.25573 2.77304 -0.33350 -7.51980 -2.93200 2.20423   -1.0742719
	#@#  4  318  0.25573 2.77304 -0.60371 -7.51980 -2.93200 2.20423   -1.0743130
	#@#  4  319  0.25573 2.77304 -0.64562 -7.51980 -2.93200 2.20423   -1.0743186
	#@#  4  324  0.25573 2.77304 -0.68072 -7.51980 -2.93200 2.20423   -1.0743213
	#@#  4  328  0.25573 2.77304 -0.68072 -6.51980 -2.93200 2.20423   -1.0752046
	#@#  4  329  0.25573 2.77304 -0.68072 -4.90176 -2.93200 2.20423   -1.0765470
	#@#  4  332  0.25573 2.77304 -0.68072 2.51672 -2.93200 2.20423   -1.0794753
	#@#  4  334  0.25573 2.77304 -0.68072 0.81415 -2.93200 2.20423   -1.0797877
	#@#  4  337  0.25573 2.77304 -0.68072 1.02160 -2.93200 2.20423   -1.0798016
	#@#  4  339  0.25573 2.77304 -0.68072 0.99547 -2.93200 2.20423   -1.0798225
	#@#  4  343  0.25573 2.77304 -0.68072 0.99547 -1.93200 2.20423   -1.0807291
	#@#  4  344  0.25573 2.77304 -0.68072 0.99547 -0.31397 2.20423   -1.0807761
	#@#  4  345  0.25573 2.77304 -0.68072 0.99547 -1.07969 2.20423   -1.0809854
	#@#  4  348  0.25573 2.77304 -0.68072 0.99547 -0.78721 2.20423   -1.0810078
	#@#  4  351  0.25573 2.77304 -0.68072 0.99547 -0.83174 2.20423   -1.0810167
	#@#  4  356  0.25573 2.77304 -0.68072 0.99547 -0.83174 0.58620   -1.0814992
	#@#  4  357  0.25573 2.77304 -0.68072 0.99547 -0.83174 0.69398   -1.0815213
	#@#  4  359  0.25573 2.77304 -0.68072 0.99547 -0.83174 1.27085   -1.0815604
	#@#  4  361  0.25573 2.77304 -0.68072 0.99547 -0.83174 1.02195   -1.0815955
	#@#  4  362  0.25573 2.77304 -0.68072 0.99547 -0.83174 1.03558   -1.0816069
	#@#  4  363  0.25573 2.77304 -0.68072 0.99547 -0.83174 1.12931   -1.0816177
	#@#  4  365  0.25573 2.77304 -0.68072 0.99547 -0.83174 1.09113   -1.0816257
	#@#  4  366  0.25573 2.77304 -0.68072 0.99547 -0.83174 1.10113   -1.0816277
	  powell nthiter 2: fret = -1.081628
	#@#  4  375  0.10942 2.77304 -0.68072 0.99547 -0.83174 1.10113   -1.0816499
	#@#  4  379  0.09080 2.77304 -0.68072 0.99547 -0.83174 1.10113   -1.0816513
	#@#  4  383  0.09080 1.15501 -0.68072 0.99547 -0.83174 1.10113   -1.0834831
	#@#  4  384  0.09080 0.20726 -0.68072 0.99547 -0.83174 1.10113   -1.0835458
	#@#  4  385  0.09080 0.60151 -0.68072 0.99547 -0.83174 1.10113   -1.0836121
	#@#  4  389  0.09080 0.67992 -0.68072 0.99547 -0.83174 1.10113   -1.0836220
	#@#  4  394  0.09080 0.67992 0.31928 0.99547 -0.83174 1.10113   -1.0856494
	#@#  4  397  0.09080 0.67992 0.93731 0.99547 -0.83174 1.10113   -1.0856825
	#@#  4  399  0.09080 0.67992 0.64527 0.99547 -0.83174 1.10113   -1.0857850
	#@#  4  400  0.09080 0.67992 0.65527 0.99547 -0.83174 1.10113   -1.0858010
	#@#  4  410  0.09080 0.67992 0.65527 0.91181 -0.83174 1.10113   -1.0858141
	#@#  4  422  0.09080 0.67992 0.65527 0.91181 -0.75764 1.10113   -1.0858247
	#@#  4  429  0.09080 0.67992 0.65527 0.91181 -0.75764 -0.51691   -1.0862775
	#@#  4  430  0.09080 0.67992 0.65527 0.91181 -0.75764 -0.08408   -1.0863774
	  powell nthiter 3: fret = -1.086377
	#@#  4  447  -0.01070 0.67992 0.65527 0.91181 -0.75764 -0.08408   -1.0863953
	#@#  4  456  -0.02070 0.06188 0.65527 0.91181 -0.75764 -0.08408   -1.0868717
	#@#  4  458  -0.02070 -0.07495 0.65527 0.91181 -0.75764 -0.08408   -1.0869801
	#@#  4  471  -0.02070 -0.07495 0.67684 0.91181 -0.75764 -0.08408   -1.0869900
	#@#  4  473  -0.02070 -0.07495 0.68684 0.91181 -0.75764 -0.08408   -1.0869936
	#@#  4  485  -0.02070 -0.07495 0.68684 0.93310 -0.75764 -0.08408   -1.0869977
	#@#  4  487  -0.02070 -0.07495 0.68684 0.92310 -0.75764 -0.08408   -1.0870005
	#@#  4  493  -0.02070 -0.07495 0.68684 0.92310 -0.37567 -0.08408   -1.0871418
	#@#  4  496  -0.02070 -0.07495 0.68684 0.92310 -0.26751 -0.08408   -1.0871613
	Powell done niters total = 4
	OptTimeSec  7.3 sec
	OptTimeMin  0.12 min
	nEvals 513
	Final optimized parameters  -0.02069831  -0.07495306   0.68683797   0.92309856  -0.26750743  -0.08408461 
	Final matrix parameters -0.1322 -0.8298  0.7184  0.9344  0.2226 -0.0841  1.0000  1.0000  1.0000  0.0000  0.0000  0.0000 
	Final cost   -1.087161248303997
 

	---------------------------------
	Final  RefRAS-to-MovRAS
	 0.99999  -0.00147  -0.00467  -0.02070;
	 0.00154   0.99987   0.01611  -0.07495;
	 0.00464  -0.01612   0.99986   0.68684;
	 0.00000   0.00000   0.00000   1.00000;
	Final  RefVox-to-MovVox
	-1.53445  -0.02679   0.06355   405.05386;
	 0.04086   0.85960   1.34886  -318.52939;
	 0.05672  -1.29522   0.82370   300.91837;
	 0.00000   0.00000   0.00000   1.00000;
	Final matrix parameters -0.0207 -0.0750  0.6868  0.9231 -0.2675 -0.0841  0.0000  0.0000  0.0000  0.0000  0.0000  0.0000 
	Final opt parameters -0.0207 -0.0750  0.6868  0.9231 -0.2675 -0.0841 
	nhits = 53690 out of 32768000, Percent Overlap:  10.5
	mri_coreg RunTimeSec 97.6 sec
	To check run:
	   tkregisterfv --mov /gpfs/milgram/scratch60/turk-browne/aa2842/sandbox/auditory-object-scenes-data/objects_scenes_bids/derivatives/sourcedata/freesurfer/sub-pp03/mri/transforms/tmp.bbregister.608066/template.nii --targ /gpfs/milgram/scratch60/turk-browne/aa2842/sandbox/auditory-object-scenes-data/objects_scenes_bids/derivatives/sourcedata/freesurfer/sub-pp03/mri/brainmask.mgz --reg /gpfs/milgram/scratch60/turk-browne/aa2842/sandbox/auditory-object-scenes-data/objects_scenes_bids/derivatives/sourcedata/freesurfer/sub-pp03/mri/transforms/tmp.bbregister.608066/mri_coreg.lta --s sub-pp03 --surfs 

	mri_coreg done

	mri_segreg --mov /gpfs/milgram/scratch60/turk-browne/aa2842/sandbox/auditory-object-scenes-data/objects_scenes_bids/derivatives/sourcedata/freesurfer/sub-pp03/mri/transforms/tmp.bbregister.608066/template.nii --init-reg /gpfs/milgram/scratch60/turk-browne/aa2842/sandbox/auditory-object-scenes-data/objects_scenes_bids/derivatives/sourcedata/freesurfer/sub-pp03/mri/transforms/tmp.bbregister.608066/reg.init.dat --out-reg /gpfs/milgram/scratch60/turk-browne/aa2842/sandbox/auditory-object-scenes-data/objects_scenes_bids/derivatives/sourcedata/freesurfer/sub-pp03/mri/transforms/tmp.bbregister.608066/bbr.pass1.dat --subsamp-brute 100 --subsamp 100 --tol 1e-4 --tol1d 1e-3 --brute -4 4 4 --surf white --gm-proj-abs 2 --gm-gt-wm 0.5
	7.3.2
	setenv SUBJECTS_DIR /gpfs/milgram/scratch60/turk-browne/aa2842/sandbox/auditory-object-scenes-data/objects_scenes_bids/derivatives/sourcedata/freesurfer
	cd /gpfs/milgram/scratch60/turk-browne/aa2842/sandbox/auditory-object-scenes-data/objects_scenes_bids/derivatives/sourcedata/freesurfer/sub-pp03/scripts
	mri_segreg --mov /gpfs/milgram/scratch60/turk-browne/aa2842/sandbox/auditory-object-scenes-data/objects_scenes_bids/derivatives/sourcedata/freesurfer/sub-pp03/mri/transforms/tmp.bbregister.608066/template.nii --init-reg /gpfs/milgram/scratch60/turk-browne/aa2842/sandbox/auditory-object-scenes-data/objects_scenes_bids/derivatives/sourcedata/freesurfer/sub-pp03/mri/transforms/tmp.bbregister.608066/reg.init.dat --out-reg /gpfs/milgram/scratch60/turk-browne/aa2842/sandbox/auditory-object-scenes-data/objects_scenes_bids/derivatives/sourcedata/freesurfer/sub-pp03/mri/transforms/tmp.bbregister.608066/bbr.pass1.dat --subsamp-brute 100 --subsamp 100 --tol 1e-4 --tol1d 1e-3 --brute -4 4 4 --surf white --gm-proj-abs 2 --gm-gt-wm 0.5 
	sysname  Linux
	hostname r812u31n01.milgram.ycrc.yale.edu
	machine  x86_64
	user     aa2842
	movvol /gpfs/milgram/scratch60/turk-browne/aa2842/sandbox/auditory-object-scenes-data/objects_scenes_bids/derivatives/sourcedata/freesurfer/sub-pp03/mri/transforms/tmp.bbregister.608066/template.nii
	regfile /gpfs/milgram/scratch60/turk-browne/aa2842/sandbox/auditory-object-scenes-data/objects_scenes_bids/derivatives/sourcedata/freesurfer/sub-pp03/mri/transforms/tmp.bbregister.608066/reg.init.dat
	subject sub-pp03
	dof 6
	outregfile /gpfs/milgram/scratch60/turk-browne/aa2842/sandbox/auditory-object-scenes-data/objects_scenes_bids/derivatives/sourcedata/freesurfer/sub-pp03/mri/transforms/tmp.bbregister.608066/bbr.pass1.dat
	UseMask 0
	UseLH 1
	UseRH 1
	nsubsamp 100
	PenaltySign  -1
	PenaltySlope 0.500000
	PenaltyCenter 0.000000
	surfname white
	GMProjAbs 2.000000
	WMProjAbs 2.000000
	lhcostfile (null)
	rhcostfile (null)
	interp  trilinear (1)
	frame  0
	TolPowell 0.000100
	nMaxItersPowell 36
	n1dmin  3
	Profile   0
	Gdiag_no  -1
	AddNoise  0 (0)
	SynthSeed 1778938077
	TransRandMax 0.000000
	RotRandMax 0.000000
	Translations 0.000000 0.000000 0.000000
	Rotations   0.000000 0.000000 0.000000
	Input reg
	-0.99899  -0.04137  -0.01744  -0.22044;
	-0.03693   0.53626   0.84324   22.16194;
	 0.02553  -0.84304   0.53725   5.31963;
	 0.00000   0.00000   0.00000   1.00000;

	Loading mov
	ExcludeZeroVoxels 1
	Reading in targ vol /gpfs/milgram/scratch60/turk-browne/aa2842/sandbox/auditory-object-scenes-data/objects_scenes_bids/derivatives/sourcedata/freesurfer/sub-pp03/mri/orig.mgz
	Projecting LH Surfs
	Loading lh.white surf
	GM Proj: 0 0.500000 2.000000
	WM Proj: 0 0.500000 2.000000
	Projecting RH Surfs
	Loading rh.white surf
	Projecting RH Surfs
	Using lh.cortex.label
	Using rh.cortex.label
	Computing relative cost
	 0  -25.0 -25.0 -25.0   1.034911
	 1  -25.0 -25.0  25.0   0.984822
	 2  -25.0  25.0 -25.0   0.956951
	 3  -25.0  25.0  25.0   1.035629
	 4   25.0 -25.0 -25.0   1.016578
	 5   25.0 -25.0  25.0   0.962899
	 6   25.0  25.0 -25.0   1.029929
	 7   25.0  25.0  25.0   0.968178
	REL:  8  0.152426    7.989897  0.998737 rel = 0.152619 
	Initial costs ----------------
	Number of surface hits 1567
	WM  Intensity   109.4616 +/-  26.7935
	Ctx Intensity   154.5412 +/-  34.4270
	Pct Contrast     33.5461 +/-  28.5626
	Cost   0.1524
	RelCost   0.1526

	------------------------------------
	Brute force preopt -4 4 4, n = 729
	     0  -4.0000  -4.0000  -4.0000  -4.0000  -4.0000  -4.0000      1.0480   1.0480  0.0
	     1  -4.0000  -4.0000  -4.0000  -4.0000  -4.0000   0.0000      1.0015   1.0015  0.0
	     2  -4.0000  -4.0000  -4.0000  -4.0000  -4.0000   4.0000      0.9767   0.9767  0.0
	     6  -4.0000  -4.0000  -4.0000  -4.0000   4.0000  -4.0000      0.9262   0.9262  0.0
	    15  -4.0000  -4.0000  -4.0000   0.0000   4.0000  -4.0000      0.8286   0.8286  0.0
	    63  -4.0000  -4.0000   4.0000   0.0000  -4.0000  -4.0000      0.7828   0.7828  0.0
	   102  -4.0000   0.0000  -4.0000   4.0000   0.0000  -4.0000      0.7271   0.7271  0.0
	   120  -4.0000   0.0000   0.0000   0.0000   0.0000  -4.0000      0.6606   0.6606  0.0
	   334   0.0000   0.0000  -4.0000   0.0000  -4.0000   0.0000      0.5878   0.5878  0.0
	   340   0.0000   0.0000  -4.0000   0.0000   4.0000   0.0000      0.5557   0.5557  0.0
	   343   0.0000   0.0000  -4.0000   4.0000  -4.0000   0.0000      0.5260   0.5260  0.0
	   346   0.0000   0.0000  -4.0000   4.0000   0.0000   0.0000      0.3851   0.3851  0.0
	   364   0.0000   0.0000   0.0000   0.0000   0.0000   0.0000      0.1524   0.1524  0.0
	Brute Force --------------------------
	Min cost was 0.152426
	Number of iterations   729
	Search time 1.223933 sec
	Parameters at best (transmm, rotdeg)
	  0.000   0.000   0.000  0.000  0.000  0.000 
	--------------------------------------------

	Starting Powell Minimization
	Init Powel Params dof = 6
	0 0
	1 0
	2 0
	3 0
	4 0
	5 0
	fs_powell::minimize
	  nparams 6
	  maxfev 36
	  ftol   0.000100
	  linmin_xtol_   0.001000
	  powell nthiter 0: fret = 0.152426
	   7 -0.003  0.000  0.000  0.000  0.000  0.000   0.1520543274
	   8 -0.238  0.000  0.000  0.000  0.000  0.000   0.1512566038
	   9 -0.124  0.000  0.000  0.000  0.000  0.000   0.1491272507
	  10 -0.130  0.000  0.000  0.000  0.000  0.000   0.1487834130
	  11 -0.169  0.000  0.000  0.000  0.000  0.000   0.1480760507
	  14 -0.179  0.000  0.000  0.000  0.000  0.000   0.1479182028
	  24 -0.179 -0.618  0.000  0.000  0.000  0.000   0.1314449906
	  28 -0.179 -0.555  0.000  0.000  0.000  0.000   0.1296364701
	  30 -0.179 -0.561  0.000  0.000  0.000  0.000   0.1295957567
	  31 -0.179 -0.583  0.000  0.000  0.000  0.000   0.1291922607
	  35 -0.179 -0.584  0.000  0.000  0.000  0.000   0.1291887919
	  45 -0.179 -0.584  0.020  0.000  0.000  0.000   0.1290616461
	  46 -0.179 -0.584  0.021  0.000  0.000  0.000   0.1290590111
	  48 -0.179 -0.584  0.024  0.000  0.000  0.000   0.1290487451
	  59 -0.179 -0.584  0.024 -0.090  0.000  0.000   0.1289503101
	  60 -0.179 -0.584  0.024 -0.050  0.000  0.000   0.1279570425
	  62 -0.179 -0.584  0.024 -0.059  0.000  0.000   0.1278597443
	  63 -0.179 -0.584  0.024 -0.060  0.000  0.000   0.1278579812
	  75 -0.179 -0.584  0.024 -0.060  0.011  0.000   0.1276608903
	  77 -0.179 -0.584  0.024 -0.060  0.012  0.000   0.1276570520
	  92 -0.179 -0.584  0.024 -0.060  0.012 -0.008   0.1274505578
	  powell nthiter 1: fret = 0.127451
	 102 -0.000 -0.584  0.024 -0.060  0.012 -0.008   0.1169793388
	 106 -0.006 -0.584  0.024 -0.060  0.012 -0.008   0.1168188077
	 107 -0.007 -0.584  0.024 -0.060  0.012 -0.008   0.1168121178
	 115 -0.007 -0.569  0.024 -0.060  0.012 -0.008   0.1162756725
	 119 -0.007 -0.570  0.024 -0.060  0.012 -0.008   0.1162604505
	 130 -0.007 -0.570  0.019 -0.060  0.012 -0.008   0.1161264890
	 131 -0.007 -0.570  0.016 -0.060  0.012 -0.008   0.1161120911
	 143 -0.007 -0.570  0.016 -0.044  0.012 -0.008   0.1157634172
	 144 -0.007 -0.570  0.016 -0.045  0.012 -0.008   0.1157611886
	 152 -0.007 -0.570  0.016 -0.045 -0.224 -0.008   0.1124045168
	 155 -0.007 -0.570  0.016 -0.045 -0.230 -0.008   0.1123909966
	 156 -0.007 -0.570  0.016 -0.045 -0.232 -0.008   0.1123848705
	 159 -0.007 -0.570  0.016 -0.045 -0.237 -0.008   0.1123702105
	 169 -0.007 -0.570  0.016 -0.045 -0.237 -0.050   0.1122844381
	 170 -0.007 -0.570  0.016 -0.045 -0.237 -0.037   0.1119076934
	  powell nthiter 2: fret = 0.111908
	 185 -0.006 -0.570  0.016 -0.045 -0.237 -0.037   0.1118912545
	 187 -0.004 -0.570  0.016 -0.045 -0.237 -0.037   0.1118808884
	 195 -0.004 -0.520  0.016 -0.045 -0.237 -0.037   0.1087389724
	 197 -0.004 -0.500  0.016 -0.045 -0.237 -0.037   0.1069153142
	 198 -0.004 -0.484  0.016 -0.045 -0.237 -0.037   0.1069115100
	 199 -0.004 -0.492  0.016 -0.045 -0.237 -0.037   0.1067807419
	 202 -0.004 -0.493  0.016 -0.045 -0.237 -0.037   0.1067747524
	 211 -0.004 -0.493  0.004 -0.045 -0.237 -0.037   0.1061221299
	 212 -0.004 -0.493 -0.005 -0.045 -0.237 -0.037   0.1060523399
	 213 -0.004 -0.493 -0.002 -0.045 -0.237 -0.037   0.1060299230
	 214 -0.004 -0.493 -0.001 -0.045 -0.237 -0.037   0.1060292854
	 222 -0.004 -0.493 -0.001 -0.085 -0.237 -0.037   0.1060083234
	 223 -0.004 -0.493 -0.001 -0.068 -0.237 -0.037   0.1058458223
	 224 -0.004 -0.493 -0.001 -0.066 -0.237 -0.037   0.1058345609
	 225 -0.004 -0.493 -0.001 -0.058 -0.237 -0.037   0.1058177026
	 226 -0.004 -0.493 -0.001 -0.060 -0.237 -0.037   0.1058138233
	 227 -0.004 -0.493 -0.001 -0.061 -0.237 -0.037   0.1058134177
	 238 -0.004 -0.493 -0.001 -0.061 -0.214 -0.037   0.1045417469
	 239 -0.004 -0.493 -0.001 -0.061 -0.213 -0.037   0.1045216417
	 240 -0.004 -0.493 -0.001 -0.061 -0.206 -0.037   0.1044944718
	 242 -0.004 -0.493 -0.001 -0.061 -0.209 -0.037   0.1044760677
	 254 -0.004 -0.493 -0.001 -0.061 -0.209 -0.044   0.1044157596
	 255 -0.004 -0.493 -0.001 -0.061 -0.209 -0.041   0.1043835701
	  powell nthiter 3: fret = 0.104384
	 279 -0.004 -0.499 -0.001 -0.061 -0.209 -0.041   0.1043145461
	 280 -0.004 -0.498 -0.001 -0.061 -0.209 -0.041   0.1043018216
	 281 -0.004 -0.497 -0.001 -0.061 -0.209 -0.041   0.1042957502
	 291 -0.004 -0.497 -0.002 -0.061 -0.209 -0.041   0.1042746129
	 303 -0.004 -0.497 -0.002 -0.062 -0.209 -0.041   0.1042364484
	 304 -0.004 -0.497 -0.002 -0.071 -0.209 -0.041   0.1041820408
	 308 -0.004 -0.497 -0.002 -0.073 -0.209 -0.041   0.1041699223
	 309 -0.004 -0.497 -0.002 -0.074 -0.209 -0.041   0.1041685963
	 324 -0.004 -0.497 -0.002 -0.074 -0.208 -0.041   0.1041601667
	  powell nthiter 4: fret = 0.104160
	 349 -0.006 -0.497 -0.002 -0.074 -0.208 -0.041   0.1041580008
	 371 -0.006 -0.497  0.003 -0.074 -0.208 -0.041   0.1040908294
	 372 -0.006 -0.497  0.005 -0.074 -0.208 -0.041   0.1040793972
	 383 -0.006 -0.497  0.005 -0.085 -0.208 -0.041   0.1039080389
	 387 -0.006 -0.497  0.005 -0.086 -0.208 -0.041   0.1038915138
	 414 -0.006 -0.497  0.005 -0.086 -0.208 -0.043   0.1038794986
	 416 -0.007 -0.497  0.013 -0.097 -0.208 -0.045   0.1037482763
	 419 -0.009 -0.497  0.026 -0.116 -0.208 -0.047   0.1036432497
	 420 -0.009 -0.497  0.030 -0.122 -0.208 -0.048   0.1036160238
	 425 -0.010 -0.497  0.033 -0.127 -0.208 -0.049   0.1035997183
	 427 -0.010 -0.497  0.036 -0.130 -0.208 -0.049   0.1035944288
	 431 -0.010 -0.497  0.035 -0.129 -0.208 -0.049   0.1035944049
	 432 -0.010 -0.497  0.035 -0.130 -0.208 -0.049   0.1035940299
	  powell nthiter 5: fret = 0.103594
	 456 -0.010 -0.503  0.035 -0.130 -0.208 -0.049   0.1034391969
	 458 -0.010 -0.505  0.035 -0.130 -0.208 -0.049   0.1034389291
	 483 -0.010 -0.505  0.035 -0.130 -0.208 -0.052   0.1034100345
	 508 -0.010 -0.505  0.036 -0.130 -0.208 -0.052   0.1034077775
	 512 -0.010 -0.505  0.036 -0.130 -0.208 -0.052   0.1034074681
	  powell nthiter 6: fret = 0.103407
	 528 -0.009 -0.505  0.036 -0.130 -0.208 -0.052   0.1034049046
	 539 -0.009 -0.509  0.036 -0.130 -0.208 -0.052   0.1033919398
	 540 -0.009 -0.508  0.036 -0.130 -0.208 -0.052   0.1033870750
	  powell nthiter 7: fret = 0.103387
	 635 -0.009 -0.508  0.036 -0.130 -0.208 -0.052   0.1033869511
	 687 -0.009 -0.508  0.036 -0.130 -0.208 -0.052   0.1033868430
	Powell done niters = 7
	Computing relative cost
	 0  -25.0 -25.0 -25.0   1.050226
	 1  -25.0 -25.0  25.0   0.994813
	 2  -25.0  25.0 -25.0   0.928837
	 3  -25.0  25.0  25.0   1.074000
	 4   25.0 -25.0 -25.0   0.993800
	 5   25.0 -25.0  25.0   1.005570
	 6   25.0  25.0 -25.0   1.026451
	 7   25.0  25.0  25.0   0.992427
	REL:  8  0.103387    8.066125  1.008266 rel = 0.102539 
	Number of iterations     7
	Min cost was 0.103387
	Number of FunctionCalls   690
	TolPowell 0.000100
	nMaxItersPowell 36
	OptimizationTime 1.132816 sec
	Parameters at optimum (transmm) -0.00944 -0.50786  0.03583
	Parameters at optimum (rotdeg) -0.13021 -0.20760 -0.05208 
	Final costs ----------------
	Number of surface hits 1564
	WM  Intensity   108.4273 +/-  24.9209
	Ctx Intensity   154.1346 +/-  33.0624
	Pct Contrast     34.2204 +/-  26.7611
	Cost   0.1034
	RelCost   0.1526
	Reg at min cost was 
	-0.99911  -0.03783  -0.01861  -0.22882;
	-0.03596   0.53438   0.84448   21.66632;
	 0.02200  -0.84440   0.53527   5.30424;
	 0.00000   0.00000   0.00000   1.00000;

	Writing optimal reg to /gpfs/milgram/scratch60/turk-browne/aa2842/sandbox/auditory-object-scenes-data/objects_scenes_bids/derivatives/sourcedata/freesurfer/sub-pp03/mri/transforms/tmp.bbregister.608066/bbr.pass1.dat, type = 14 
	Original Reg 
	-0.99899  -0.04137  -0.01744  -0.22044;
	-0.03693   0.53626   0.84324   22.16194;
	 0.02553  -0.84304   0.53725   5.31963;
	 0.00000   0.00000   0.00000   1.00000;

	Original Reg - Optimal Reg
	 0.00012  -0.00354   0.00117   0.00838;
	-0.00097   0.00188  -0.00124   0.49562;
	 0.00354   0.00136   0.00198   0.01538;
	 0.00000   0.00000   0.00000   0.00000;

	Computing change in lh position
	LH rmsDiffMean 0.541543
	Computing change in rh position
	Surface-RMS-Diff-mm 0.516444 0.074471 0.719663
	mri_segreg done
	mri_segreg --mov /gpfs/milgram/scratch60/turk-browne/aa2842/sandbox/auditory-object-scenes-data/objects_scenes_bids/derivatives/sourcedata/freesurfer/sub-pp03/mri/transforms/tmp.bbregister.608066/template.nii --init-reg /gpfs/milgram/scratch60/turk-browne/aa2842/sandbox/auditory-object-scenes-data/objects_scenes_bids/derivatives/sourcedata/freesurfer/sub-pp03/mri/transforms/tmp.bbregister.608066/bbr.pass1.dat --out-reg /gpfs/milgram/scratch60/turk-browne/aa2842/sandbox/auditory-object-scenes-data/objects_scenes_bids/derivatives/sourcedata/freesurfer/sub-pp03/mri/transforms/T2raw.auto.dat --interp trilinear --wm-proj-abs 1 --tol 1e-8 --tol1d 1e-3 --c0 0 --mincost /gpfs/milgram/scratch60/turk-browne/aa2842/sandbox/auditory-object-scenes-data/objects_scenes_bids/derivatives/sourcedata/freesurfer/sub-pp03/mri/transforms/T2raw.auto.dat.mincost --dof 6 --nmax 36 --param /gpfs/milgram/scratch60/turk-browne/aa2842/sandbox/auditory-object-scenes-data/objects_scenes_bids/derivatives/sourcedata/freesurfer/sub-pp03/mri/transforms/T2raw.auto.dat.param --surf white --brute -0.1 0.1 0.1 --cur-reg /gpfs/milgram/scratch60/turk-browne/aa2842/sandbox/auditory-object-scenes-data/objects_scenes_bids/derivatives/sourcedata/freesurfer/sub-pp03/mri/transforms/tmp.bbregister.608066/reg.curopt.dat --gm-proj-abs 2 --nsub 1 --gm-gt-wm 0.5
	7.3.2
	setenv SUBJECTS_DIR /gpfs/milgram/scratch60/turk-browne/aa2842/sandbox/auditory-object-scenes-data/objects_scenes_bids/derivatives/sourcedata/freesurfer
	cd /gpfs/milgram/scratch60/turk-browne/aa2842/sandbox/auditory-object-scenes-data/objects_scenes_bids/derivatives/sourcedata/freesurfer/sub-pp03/scripts
	mri_segreg --mov /gpfs/milgram/scratch60/turk-browne/aa2842/sandbox/auditory-object-scenes-data/objects_scenes_bids/derivatives/sourcedata/freesurfer/sub-pp03/mri/transforms/tmp.bbregister.608066/template.nii --init-reg /gpfs/milgram/scratch60/turk-browne/aa2842/sandbox/auditory-object-scenes-data/objects_scenes_bids/derivatives/sourcedata/freesurfer/sub-pp03/mri/transforms/tmp.bbregister.608066/bbr.pass1.dat --out-reg /gpfs/milgram/scratch60/turk-browne/aa2842/sandbox/auditory-object-scenes-data/objects_scenes_bids/derivatives/sourcedata/freesurfer/sub-pp03/mri/transforms/T2raw.auto.dat --interp trilinear --wm-proj-abs 1 --tol 1e-8 --tol1d 1e-3 --c0 0 --mincost /gpfs/milgram/scratch60/turk-browne/aa2842/sandbox/auditory-object-scenes-data/objects_scenes_bids/derivatives/sourcedata/freesurfer/sub-pp03/mri/transforms/T2raw.auto.dat.mincost --dof 6 --nmax 36 --param /gpfs/milgram/scratch60/turk-browne/aa2842/sandbox/auditory-object-scenes-data/objects_scenes_bids/derivatives/sourcedata/freesurfer/sub-pp03/mri/transforms/T2raw.auto.dat.param --surf white --brute -0.1 0.1 0.1 --cur-reg /gpfs/milgram/scratch60/turk-browne/aa2842/sandbox/auditory-object-scenes-data/objects_scenes_bids/derivatives/sourcedata/freesurfer/sub-pp03/mri/transforms/tmp.bbregister.608066/reg.curopt.dat --gm-proj-abs 2 --nsub 1 --gm-gt-wm 0.5 
	sysname  Linux
	hostname r812u31n01.milgram.ycrc.yale.edu
	machine  x86_64
	user     aa2842
	movvol /gpfs/milgram/scratch60/turk-browne/aa2842/sandbox/auditory-object-scenes-data/objects_scenes_bids/derivatives/sourcedata/freesurfer/sub-pp03/mri/transforms/tmp.bbregister.608066/template.nii
	regfile /gpfs/milgram/scratch60/turk-browne/aa2842/sandbox/auditory-object-scenes-data/objects_scenes_bids/derivatives/sourcedata/freesurfer/sub-pp03/mri/transforms/tmp.bbregister.608066/bbr.pass1.dat
	subject sub-pp03
	dof 6
	outregfile /gpfs/milgram/scratch60/turk-browne/aa2842/sandbox/auditory-object-scenes-data/objects_scenes_bids/derivatives/sourcedata/freesurfer/sub-pp03/mri/transforms/T2raw.auto.dat
	UseMask 0
	UseLH 1
	UseRH 1
	nsubsamp 1
	PenaltySign  -1
	PenaltySlope 0.500000
	PenaltyCenter 0.000000
	surfname white
	GMProjAbs 2.000000
	WMProjAbs 1.000000
	lhcostfile (null)
	rhcostfile (null)
	interp  trilinear (1)
	frame  0
	TolPowell 0.000000
	nMaxItersPowell 36
	n1dmin  3
	Profile   0
	Gdiag_no  -1
	AddNoise  0 (0)
	SynthSeed 1778947541
	TransRandMax 0.000000
	RotRandMax 0.000000
	Translations 0.000000 0.000000 0.000000
	Rotations   0.000000 0.000000 0.000000
	Input reg
	-0.99911  -0.03783  -0.01861  -0.22882;
	-0.03596   0.53438   0.84448   21.66632;
	 0.02200  -0.84440   0.53527   5.30424;
	 0.00000   0.00000   0.00000   1.00000;

	Loading mov
	ExcludeZeroVoxels 1
	Reading in targ vol /gpfs/milgram/scratch60/turk-browne/aa2842/sandbox/auditory-object-scenes-data/objects_scenes_bids/derivatives/sourcedata/freesurfer/sub-pp03/mri/orig.mgz
	Projecting LH Surfs
	Loading lh.white surf
	GM Proj: 0 0.500000 2.000000
	WM Proj: 0 0.500000 1.000000
	Projecting RH Surfs
	Loading rh.white surf
	Projecting RH Surfs
	Using lh.cortex.label
	Using rh.cortex.label
	Computing relative cost
	 0  -25.0 -25.0 -25.0   1.006134
	 1  -25.0 -25.0  25.0   0.984688
	 2  -25.0  25.0 -25.0   0.981875
	 3  -25.0  25.0  25.0   1.007008
	 4   25.0 -25.0 -25.0   0.985578
	 5   25.0 -25.0  25.0   0.987125
	 6   25.0  25.0 -25.0   1.007592
	 7   25.0  25.0  25.0   0.987803
	REL:  8  0.083703    7.947804  0.993475 rel = 0.084253 
	Initial costs ----------------
	Number of surface hits 156048
	WM  Intensity   104.4033 +/-  21.2217
	Ctx Intensity   154.6935 +/-  32.3163
	Pct Contrast     37.9317 +/-  25.5233
	Cost   0.0837
	RelCost   0.0843

	------------------------------------
	Brute force preopt -0.1 0.1 0.1, n = 729
	     0  -0.1000  -0.1000  -0.1000  -0.1000  -0.1000  -0.1000      0.0955   0.0955  0.0
	     3  -0.1000  -0.1000  -0.1000  -0.1000   0.0000  -0.1000      0.0903   0.0903  0.0
	     6  -0.1000  -0.1000  -0.1000  -0.1000   0.1000  -0.1000      0.0895   0.0895  0.0
	    80  -0.1000  -0.1000   0.1000   0.1000   0.1000   0.1000      0.0876   0.0876  0.0
	   158  -0.1000   0.0000   0.1000   0.1000   0.0000   0.1000      0.0867   0.0867  0.0
	   209  -0.1000   0.1000   0.0000   0.1000  -0.1000   0.1000      0.0852   0.0852  0.0
	   236  -0.1000   0.1000   0.1000   0.1000  -0.1000   0.1000      0.0827   0.0827  0.0
	Brute Force --------------------------
	Min cost was 0.082678
	Number of iterations   729
	Search time 1.201243 sec
	Parameters at best (transmm, rotdeg)
	 -0.100   0.100   0.100  0.100 -0.100  0.100 
	--------------------------------------------

	Starting Powell Minimization
	Init Powel Params dof = 6
	0 -0.1
	1 0.1
	2 0.1
	3 0.1
	4 -0.1
	5 0.1
	fs_powell::minimize
	  nparams 6
	  maxfev 36
	  ftol   0.000000
	  linmin_xtol_   0.001000
	  powell nthiter 0: fret = 0.084030
	   7  0.091  0.100  0.100  0.100 -0.100  0.100   0.0828473513
	   8  0.090  0.100  0.100  0.100 -0.100  0.100   0.0828414613
	  10  0.072  0.100  0.100  0.100 -0.100  0.100   0.0827742141
	  11  0.063  0.100  0.100  0.100 -0.100  0.100   0.0827717748
	  12  0.067  0.100  0.100  0.100 -0.100  0.100   0.0827681591
	  21  0.067  0.092  0.100  0.100 -0.100  0.100   0.0827677088
	  22  0.067  0.096  0.100  0.100 -0.100  0.100   0.0827620801
	  23  0.067  0.097  0.100  0.100 -0.100  0.100   0.0827618038
	  31  0.067  0.097 -0.061  0.100 -0.100  0.100   0.0826910291
	  33  0.067  0.097 -0.235  0.100 -0.100  0.100   0.0825100524
	  37  0.067  0.097 -0.234  0.100 -0.100  0.100   0.0825061497
	  46  0.067  0.097 -0.234  0.482 -0.100  0.100   0.0816316812
	  47  0.067  0.097 -0.234  0.327 -0.100  0.100   0.0814610725
	  48  0.067  0.097 -0.234  0.368 -0.100  0.100   0.0812725203
	  52  0.067  0.097 -0.234  0.370 -0.100  0.100   0.0812547294
	  62  0.067  0.097 -0.234  0.370 -0.194  0.100   0.0811032063
	  63  0.067  0.097 -0.234  0.370 -0.156  0.100   0.0810511783
	  75  0.067  0.097 -0.234  0.370 -0.156 -0.069   0.0808778968
	  79  0.067  0.097 -0.234  0.370 -0.156 -0.043   0.0806881159
	  80  0.067  0.097 -0.234  0.370 -0.156 -0.038   0.0806686072
	  82  0.067  0.097 -0.234  0.370 -0.156 -0.035   0.0806673598
	  powell nthiter 1: fret = 0.080667
	  94  0.051  0.097 -0.234  0.370 -0.156 -0.035   0.0806502479
	  97  0.052  0.097 -0.234  0.370 -0.156 -0.035   0.0806498516
	  98  0.057  0.097 -0.234  0.370 -0.156 -0.035   0.0806469966
	 111  0.057  0.104 -0.234  0.370 -0.156 -0.035   0.0806329267
	 112  0.057  0.103 -0.234  0.370 -0.156 -0.035   0.0806317318
	 122  0.057  0.103 -0.240  0.370 -0.156 -0.035   0.0806247065
	 123  0.057  0.103 -0.245  0.370 -0.156 -0.035   0.0806035116
	 124  0.057  0.103 -0.255  0.370 -0.156 -0.035   0.0805565606
	 126  0.057  0.103 -0.253  0.370 -0.156 -0.035   0.0805506138
	 136  0.057  0.103 -0.253  0.380 -0.156 -0.035   0.0804888607
	 137  0.057  0.103 -0.253  0.397 -0.156 -0.035   0.0804135889
	 141  0.057  0.103 -0.253  0.396 -0.156 -0.035   0.0804117545
	 142  0.057  0.103 -0.253  0.395 -0.156 -0.035   0.0804092737
	 154  0.057  0.103 -0.253  0.395 -0.142 -0.035   0.0803724105
	 155  0.057  0.103 -0.253  0.395 -0.140 -0.035   0.0803665779
	 167  0.057  0.103 -0.253  0.395 -0.140 -0.041   0.0803596703
	 168  0.057  0.103 -0.253  0.395 -0.140 -0.040   0.0803590679
	 170  0.048  0.108 -0.272  0.420 -0.125 -0.045   0.0802570527
	 173  0.033  0.118 -0.302  0.461 -0.101 -0.052   0.0801830209
	 177  0.035  0.117 -0.298  0.455 -0.104 -0.051   0.0801782418
	 178  0.034  0.117 -0.298  0.457 -0.103 -0.051   0.0801725146
	 179  0.034  0.117 -0.300  0.458 -0.103 -0.052   0.0801665284
	 182  0.034  0.117 -0.300  0.458 -0.103 -0.052   0.0801664048
	 183  0.034  0.117 -0.300  0.459 -0.102 -0.052   0.0801648689
	 186  0.034  0.117 -0.300  0.459 -0.102 -0.052   0.0801644943
	 187  0.034  0.117 -0.300  0.459 -0.102 -0.052   0.0801637232
	  powell nthiter 2: fret = 0.080164
	 199  0.038  0.117 -0.300  0.459 -0.102 -0.052   0.0801547979
	 200  0.039  0.117 -0.300  0.459 -0.102 -0.052   0.0801546801
	 209  0.039  0.130 -0.300  0.459 -0.102 -0.052   0.0801415068
	 210  0.039  0.131 -0.300  0.459 -0.102 -0.052   0.0801413219
	 221  0.039  0.131 -0.326  0.459 -0.102 -0.052   0.0800044230
	 223  0.039  0.131 -0.324  0.459 -0.102 -0.052   0.0799857592
	 225  0.039  0.131 -0.320  0.459 -0.102 -0.052   0.0799826869
	 227  0.039  0.131 -0.321  0.459 -0.102 -0.052   0.0799706568
	 228  0.039  0.131 -0.322  0.459 -0.102 -0.052   0.0799597510
	 237  0.039  0.131 -0.322  0.459 -0.102 -0.049   0.0799526368
	 238  0.039  0.131 -0.322  0.459 -0.102 -0.045   0.0799492462
	 239  0.039  0.131 -0.322  0.459 -0.102 -0.046   0.0799490910
	 254  0.039  0.131 -0.322  0.459 -0.104 -0.046   0.0799448229
	 263  0.037  0.132 -0.326  0.464 -0.101 -0.047   0.0799410230
	 265  0.036  0.133 -0.327  0.465 -0.100 -0.047   0.0799330957
	 268  0.036  0.133 -0.327  0.466 -0.100 -0.047   0.0799317843
	 269  0.036  0.133 -0.328  0.466 -0.100 -0.048   0.0799305419
	 272  0.036  0.133 -0.328  0.466 -0.100 -0.048   0.0799303081
	 273  0.036  0.133 -0.328  0.466 -0.100 -0.048   0.0799301559
	 274  0.036  0.133 -0.328  0.466 -0.100 -0.048   0.0799300762
	  powell nthiter 3: fret = 0.079930
	 287  0.038  0.133 -0.328  0.466 -0.100 -0.048   0.0799283672
	 296  0.038  0.136 -0.328  0.466 -0.100 -0.048   0.0799257432
	 324  0.038  0.136 -0.328  0.466 -0.100 -0.046   0.0799242277
	 353  0.038  0.136 -0.328  0.466 -0.100 -0.046   0.0799240924
	  powell nthiter 4: fret = 0.079924
	 367  0.039  0.136 -0.328  0.466 -0.100 -0.046   0.0799232298
	 379  0.039  0.135 -0.328  0.466 -0.100 -0.046   0.0799231666
	 407  0.039  0.135 -0.328  0.466 -0.100 -0.045   0.0799227437
	 437  0.041  0.134 -0.328  0.466 -0.100 -0.044   0.0799224165
	 447  0.041  0.134 -0.328  0.466 -0.100 -0.044   0.0799223757
	  powell nthiter 5: fret = 0.079922
	 477  0.041  0.135 -0.328  0.466 -0.100 -0.044   0.0799220133
	 520  0.042  0.134 -0.328  0.466 -0.100 -0.043   0.0799215062
	 525  0.042  0.134 -0.328  0.466 -0.100 -0.043   0.0799214662
	 528  0.042  0.134 -0.328  0.466 -0.100 -0.043   0.0799214616
	 531  0.042  0.134 -0.328  0.466 -0.100 -0.043   0.0799214527
	  powell nthiter 6: fret = 0.079921
	Powell done niters = 6
	Computing relative cost
	 0  -25.0 -25.0 -25.0   1.006592
	 1  -25.0 -25.0  25.0   0.987756
	 2  -25.0  25.0 -25.0   0.986659
	 3  -25.0  25.0  25.0   1.007133
	 4   25.0 -25.0 -25.0   0.985262
	 5   25.0 -25.0  25.0   0.985388
	 6   25.0  25.0 -25.0   1.012071
	 7   25.0  25.0  25.0   0.986558
	REL:  8  0.079921    7.957420  0.994677 rel = 0.0803491 
	Number of iterations     6
	Min cost was 0.079921
	Number of FunctionCalls   621
	TolPowell 0.000000
	nMaxItersPowell 36
	OptimizationTime 35.712566 sec
	Parameters at optimum (transmm)  0.04197  0.13432 -0.32783
	Parameters at optimum (rotdeg)  0.46622 -0.09971 -0.04300 
	Final costs ----------------
	Number of surface hits 156598
	WM  Intensity   103.7620 +/-  21.1797
	Ctx Intensity   154.3732 +/-  32.2922
	Pct Contrast     38.3215 +/-  25.4992
	Cost   0.0799
	RelCost   0.0843
	Reg at min cost was 
	-0.99917  -0.03596  -0.01892  -0.18016;
	-0.03539   0.54126   0.84011   21.75693;
	 0.01997  -0.84009   0.54209   5.15213;
	 0.00000   0.00000   0.00000   1.00000;

	Writing optimal reg to /gpfs/milgram/scratch60/turk-browne/aa2842/sandbox/auditory-object-scenes-data/objects_scenes_bids/derivatives/sourcedata/freesurfer/sub-pp03/mri/transforms/T2raw.auto.dat, type = 14 
	Original Reg 
	-0.99911  -0.03783  -0.01861  -0.22882;
	-0.03596   0.53438   0.84448   21.66632;
	 0.02200  -0.84440   0.53527   5.30424;
	 0.00000   0.00000   0.00000   1.00000;

	Original Reg - Optimal Reg
	 0.00006  -0.00187   0.00031  -0.04866;
	-0.00057  -0.00688   0.00437  -0.09061;
	 0.00203  -0.00431  -0.00682   0.15211;
	 0.00000   0.00000   0.00000   0.00000;

	Computing change in lh position
	LH rmsDiffMean 0.356862
	Computing change in rh position
	Surface-RMS-Diff-mm 0.386071 0.162851 0.786207
	mri_segreg done
	MinCost: 0.079921 103.761979 154.373154 38.321538 
	tkregister2_cmdl --mov /gpfs/milgram/scratch60/turk-browne/aa2842/sandbox/auditory-object-scenes-data/objects_scenes_bids/derivatives/sourcedata/freesurfer/sub-pp03/mri/orig/T2raw.mgz --reg /gpfs/milgram/scratch60/turk-browne/aa2842/sandbox/auditory-object-scenes-data/objects_scenes_bids/derivatives/sourcedata/freesurfer/sub-pp03/mri/transforms/T2raw.auto.dat --noedit --ltaout /gpfs/milgram/scratch60/turk-browne/aa2842/sandbox/auditory-object-scenes-data/objects_scenes_bids/derivatives/sourcedata/freesurfer/sub-pp03/mri/transforms/T2raw.auto.lta
	INFO: no target volume specified, assuming FreeSurfer orig volume.
	target  volume orig
	movable volume /gpfs/milgram/scratch60/turk-browne/aa2842/sandbox/auditory-object-scenes-data/objects_scenes_bids/derivatives/sourcedata/freesurfer/sub-pp03/mri/orig/T2raw.mgz
	reg file       /gpfs/milgram/scratch60/turk-browne/aa2842/sandbox/auditory-object-scenes-data/objects_scenes_bids/derivatives/sourcedata/freesurfer/sub-pp03/mri/transforms/T2raw.auto.dat
	LoadVol        0
	ZeroCRAS       0
	7.3.2
	Diagnostic Level -1
	---- Input registration matrix --------
	-0.99917  -0.03596  -0.01892  -0.18016;
	-0.03539   0.54126   0.84011   21.75693;
	 0.01997  -0.84009   0.54209   5.15213;
	 0.00000   0.00000   0.00000   1.00000;
	float2int = 0
	---------------------------------------
	INFO: loading target /gpfs/milgram/scratch60/turk-browne/aa2842/sandbox/auditory-object-scenes-data/objects_scenes_bids/derivatives/sourcedata/freesurfer/sub-pp03/mri/orig.mgz
	INFO: target does not conform to COR format, so I'm going to
	reslice to COR. This will not affect the final registration.
	Ttarg: --------------------
	-1.00000   0.00000   0.00000   128.00000;
	 0.00000   0.00000   1.00000  -128.00000;
	 0.00000  -1.00000   0.00000   128.00000;
	 0.00000   0.00000   0.00000   1.00000;
	INFO: loading movable /gpfs/milgram/scratch60/turk-browne/aa2842/sandbox/auditory-object-scenes-data/objects_scenes_bids/derivatives/sourcedata/freesurfer/sub-pp03/mri/orig/T2raw.mgz
	Tmov: --------------------
	-0.52083   0.00000   0.00000   85.93745;
	 0.00000   0.00000   0.52083  -99.99994;
	 0.00000  -0.50000   0.00000   26.00000;
	 0.00000   0.00000   0.00000   1.00000;
	mkheaderreg = 0, float2int = 0
	---- Input registration matrix --------
	-0.99917  -0.03596  -0.01892  -0.18016;
	-0.03539   0.54126   0.84011   21.75693;
	 0.01997  -0.84009   0.54209   5.15213;
	 0.00000   0.00000   0.00000   1.00000;
	Determinant -1
	subject = sub-pp03
	RegMat ---------------------------
	-0.99917  -0.03596  -0.01892  -0.18016;
	-0.03539   0.54126   0.84011   21.75693;
	 0.01997  -0.84009   0.54209   5.15213;
	 0.00000   0.00000   0.00000   1.00000;
	Cleaning up
 
	Started at Thu May 14 03:02:42 EDT 2026 
	Ended   at Thu May 14 03:05:08 EDT 2026
	BBR-Run-Time-Sec 146
 
	bbregister Done
	To check results, run:
	tkregisterfv --mov /gpfs/milgram/scratch60/turk-browne/aa2842/sandbox/auditory-object-scenes-data/objects_scenes_bids/derivatives/sourcedata/freesurfer/sub-pp03/mri/orig/T2raw.mgz --reg /gpfs/milgram/scratch60/turk-browne/aa2842/sandbox/auditory-object-scenes-data/objects_scenes_bids/derivatives/sourcedata/freesurfer/sub-pp03/mri/transforms/T2raw.auto.lta --surfs  --sd /gpfs/milgram/scratch60/turk-browne/aa2842/sandbox/auditory-object-scenes-data/objects_scenes_bids/derivatives/sourcedata/freesurfer
 

	 cp /gpfs/milgram/scratch60/turk-browne/aa2842/sandbox/auditory-object-scenes-data/objects_scenes_bids/derivatives/sourcedata/freesurfer/sub-pp03/mri/transforms/T2raw.auto.lta /gpfs/milgram/scratch60/turk-browne/aa2842/sandbox/auditory-object-scenes-data/objects_scenes_bids/derivatives/sourcedata/freesurfer/sub-pp03/mri/transforms/T2raw.lta 

	mri_convert -odt float -at /gpfs/milgram/scratch60/turk-browne/aa2842/sandbox/auditory-object-scenes-data/objects_scenes_bids/derivatives/sourcedata/freesurfer/sub-pp03/mri/transforms/T2raw.lta -rl /gpfs/milgram/scratch60/turk-browne/aa2842/sandbox/auditory-object-scenes-data/objects_scenes_bids/derivatives/sourcedata/freesurfer/sub-pp03/mri/orig.mgz /gpfs/milgram/scratch60/turk-browne/aa2842/sandbox/auditory-object-scenes-data/objects_scenes_bids/derivatives/sourcedata/freesurfer/sub-pp03/mri/orig/T2raw.mgz /gpfs/milgram/scratch60/turk-browne/aa2842/sandbox/auditory-object-scenes-data/objects_scenes_bids/derivatives/sourcedata/freesurfer/sub-pp03/mri/T2.prenorm.mgz 
	reading from /gpfs/milgram/scratch60/turk-browne/aa2842/sandbox/auditory-object-scenes-data/objects_scenes_bids/derivatives/sourcedata/freesurfer/sub-pp03/mri/orig/T2raw.mgz...
	TR=3200.00, TE=0.00, TI=0.00, flip angle=0.00
	i_ras = (0.998838, 0.0431885, 0.02141)
	j_ras = (-0.024263, 0.834231, -0.550881)
	k_ras = (-0.0416526, 0.549721, 0.834309)
	INFO: Reading transformation from file /gpfs/milgram/scratch60/turk-browne/aa2842/sandbox/auditory-object-scenes-data/objects_scenes_bids/derivatives/sourcedata/freesurfer/sub-pp03/mri/transforms/T2raw.lta...
	Reading transform with LTAreadEx()
	reading template info from volume /gpfs/milgram/scratch60/turk-browne/aa2842/sandbox/auditory-object-scenes-data/objects_scenes_bids/derivatives/sourcedata/freesurfer/sub-pp03/mri/orig.mgz...
	INFO: Applying transformation from file /gpfs/milgram/scratch60/turk-browne/aa2842/sandbox/auditory-object-scenes-data/objects_scenes_bids/derivatives/sourcedata/freesurfer/sub-pp03/mri/transforms/T2raw.lta...
	---------------------------------
	INFO: Transform Matrix (linear_ras_to_ras)
	 0.99997   0.00704   0.00286   0.02827;
	-0.00701   0.99992  -0.01044   0.12131;
	-0.00294   0.01042   0.99994  -0.22084;
	 0.00000   0.00000   0.00000   1.00000;
	---------------------------------
	Applying LTAtransformInterp (resample_type 1)
	changing data type from short to float (noscale = 0)...
	writing to /gpfs/milgram/scratch60/turk-browne/aa2842/sandbox/auditory-object-scenes-data/objects_scenes_bids/derivatives/sourcedata/freesurfer/sub-pp03/mri/T2.prenorm.mgz...

	 mri_normalize -seed 1234 -sigma 0.5 -nonmax_suppress 0 -min_dist 1 -aseg /gpfs/milgram/scratch60/turk-browne/aa2842/sandbox/auditory-object-scenes-data/objects_scenes_bids/derivatives/sourcedata/freesurfer/sub-pp03/mri/aseg.presurf.mgz -surface /gpfs/milgram/scratch60/turk-browne/aa2842/sandbox/auditory-object-scenes-data/objects_scenes_bids/derivatives/sourcedata/freesurfer/sub-pp03/surf/lh.white identity.nofile -surface /gpfs/milgram/scratch60/turk-browne/aa2842/sandbox/auditory-object-scenes-data/objects_scenes_bids/derivatives/sourcedata/freesurfer/sub-pp03/surf/rh.white identity.nofile /gpfs/milgram/scratch60/turk-browne/aa2842/sandbox/auditory-object-scenes-data/objects_scenes_bids/derivatives/sourcedata/freesurfer/sub-pp03/mri/T2.prenorm.mgz /gpfs/milgram/scratch60/turk-browne/aa2842/sandbox/auditory-object-scenes-data/objects_scenes_bids/derivatives/sourcedata/freesurfer/sub-pp03/mri/T2.norm.mgz 

	setting seed for random number genererator to 1234
	using Gaussian smoothing of bias field, sigma=0.500
	disabling nonmaximum suppression
	retaining  points that are at least 1.000mm from the boundary
	using segmentation for initial intensity normalization
	reading mri_src from /gpfs/milgram/scratch60/turk-browne/aa2842/sandbox/auditory-object-scenes-data/objects_scenes_bids/derivatives/sourcedata/freesurfer/sub-pp03/mri/T2.prenorm.mgz...
	Copying mri_dst from mri_src
	computing distance transform
	computing distance transform
	min_dist = 1
	Erasing Border planes 4
	Removing non-wm voxels
	91703 non wm control points removed
	Building bias image
	building Voronoi diagram...
	performing soap bubble smoothing, sigma = 0...
	smoothing bias field with sigma=0.500
	MRIapplyBiasCorrectionSameGeometry()
	writing normalized volume to /gpfs/milgram/scratch60/turk-browne/aa2842/sandbox/auditory-object-scenes-data/objects_scenes_bids/derivatives/sourcedata/freesurfer/sub-pp03/mri/T2.norm.mgz
	#VMPC# mri_normalize VmPeak  1944768
	mri_normalize done

	 mri_mask -transfer 255 -keep_mask_deletion_edits /gpfs/milgram/scratch60/turk-browne/aa2842/sandbox/auditory-object-scenes-data/objects_scenes_bids/derivatives/sourcedata/freesurfer/sub-pp03/mri/T2.norm.mgz /gpfs/milgram/scratch60/turk-browne/aa2842/sandbox/auditory-object-scenes-data/objects_scenes_bids/derivatives/sourcedata/freesurfer/sub-pp03/mri/brain.finalsurfs.mgz /gpfs/milgram/scratch60/turk-browne/aa2842/sandbox/auditory-object-scenes-data/objects_scenes_bids/derivatives/sourcedata/freesurfer/sub-pp03/mri/T2.mgz 

	transfer mask voxels=255 to dst vol
	Transferring mask edits ('1' voxels) to dst vol
	DoAbs = 0
	Writing masked volume to /gpfs/milgram/scratch60/turk-browne/aa2842/sandbox/auditory-object-scenes-data/objects_scenes_bids/derivatives/sourcedata/freesurfer/sub-pp03/mri/T2.mgz...done.
	#--------------------------------------------
	#@# MMPialSurf lh Thu May 14 03:06:16 EDT 2026
	cd /gpfs/milgram/scratch60/turk-browne/aa2842/sandbox/auditory-object-scenes-data/objects_scenes_bids/derivatives/sourcedata/freesurfer/sub-pp03/mri
	mris_place_surface --adgws-in ../surf/autodet.gw.stats.lh.dat --seg aseg.presurf.mgz --wm wm.mgz --threads 4 --invol brain.finalsurfs.mgz --lh --i ../surf/lh.pial.T1 --o ../surf/lh.pial.T2 --pial --nsmooth 0 --rip-label ../label/lh.cortex+hipamyg.label --pin-medial-wall ../label/lh.cortex.label --white-surf ../surf/lh.white --aparc ../label/lh.aparc.annot --repulse-surf ../surf/lh.white --mmvol T2.mgz T2
	7.3.2
	7.3.2

	cd /gpfs/milgram/scratch60/turk-browne/aa2842/sandbox/auditory-object-scenes-data/objects_scenes_bids/derivatives/sourcedata/freesurfer/sub-pp03/mri
	setenv SUBJECTS_DIR /gpfs/milgram/scratch60/turk-browne/aa2842/sandbox/auditory-object-scenes-data/objects_scenes_bids/derivatives/sourcedata/freesurfer
	mris_place_surface --adgws-in ../surf/autodet.gw.stats.lh.dat --seg aseg.presurf.mgz --wm wm.mgz --threads 4 --invol brain.finalsurfs.mgz --lh --i ../surf/lh.pial.T1 --o ../surf/lh.pial.T2 --pial --nsmooth 0 --rip-label ../label/lh.cortex+hipamyg.label --pin-medial-wall ../label/lh.cortex.label --white-surf ../surf/lh.white --aparc ../label/lh.aparc.annot --repulse-surf ../surf/lh.white --mmvol T2.mgz T2 

	Reading in input surface ../surf/lh.pial.T1
	Not smoothing input surface
	removing intersecting faces
	000: 82 intersecting
	001: 65 intersecting
	002: 58 intersecting
	003: 52 intersecting
	step 1 with no progress (num=52, old_num=52)
	004: 52 intersecting
	step 2 with no progress (num=52, old_num=52)
	005: 52 intersecting
	step 3 with no progress (num=52, old_num=52)
	006: 52 intersecting
	step 4 with no progress (num=52, old_num=52)
	007: 52 intersecting
	step 5 with no progress (num=52, old_num=52)
	008: 52 intersecting
	step 6 with no progress (num=52, old_num=52)
	009: 52 intersecting
	step 7 with no progress (num=52, old_num=52)
	010: 52 intersecting
	step 8 with no progress (num=52, old_num=52)
	011: 52 intersecting
	step 9 with no progress (num=52, old_num=52)
	012: 52 intersecting
	step 10 with no progress (num=52, old_num=52)
	013: 52 intersecting
	step 11 with no progress (num=52, old_num=52)
	014: 52 intersecting
	step 12 with no progress (num=52, old_num=52)
	015: 52 intersecting
	step 13 with no progress (num=52, old_num=52)
	016: 52 intersecting
	step 14 with no progress (num=52, old_num=52)
	017: 52 intersecting
	step 15 with no progress (num=52, old_num=52)
	018: 52 intersecting
	step 16 with no progress (num=52, old_num=52)
	terminating search with 52 intersecting
	Area    460704  0.24429  0.19191 0.000045   4.9232
	Corner 1382112 60.00000 30.59250 0.028368 179.9029
	Edge    691056  0.78797  0.36531 0.001409   6.6839
	Hinge   691056 14.52309 22.46364 0.000009 179.9981
	Reading white surface coordinates from ../surf/lh.white
	Reading repulsion surface coordinates from ../surf/lh.white
	Reading in aparc ../label/lh.aparc.annot
	Reading in input volume brain.finalsurfs.mgz
	Reading in wm volume wm.mgz
	MRIclipBrightWM(): nthresh=22014, wmmin=5, clip=110 
	MRIfindBrightNonWM(): 83 bright non-wm voxels segmented.
	Masking bright non-wm for pial surface mid_gray = 77.7332
	MRImask(): AllowDiffGeom = 1
	MRImask(): AllowDiffGeom = 1
	MRImask(): AllowDiffGeom = 1
	Reading in seg volume aseg.presurf.mgz
	Ripping frozen voxels
	Ripping vertices not in label ../label/lh.cortex+hipamyg.label
	MRISripNotLabel() ripped 9566/230354 vertices (220788 unripped)
	INFO: rip surface needed but not specified, so using input surface
	Ripping segs (eg, WMSA, BG, frozen)
	Starting MRISripSegs() d = (-2 2 0.5) segnos: 247 
	MRISripSegs(): -2 2 0.5 ripped 0
	Reading in multimodal volume T2.mgz
	 using multi modal weights 
	vertex 115177: xyz = (-41.3151,0.414992,-1.69233) oxyz = (-36.9765,0.989173,-1.20165) wxzy = (-36.9765,0.989173,-1.20165) pxyz = (-41.3151,0.414992,-1.69233) 
	CBVO Creating mask 230354
	n_averages 4
	Iteration 0 =========================================
	n_averages=4, current_sigma=2
	Computing pial target locations using multimodal (1)
	starting MRIScomputePialTargetLocationsMultiModal()
	max_outward_dist = 3, sample_dist = 0.1, pix_size = 0.8, whalf = 9
	T2_min_inside = 110, T2_max_inside 300, T2_min_outside = 130, T2_max_outside 300
	inside_peak_pct = 0.1, 0.01, outside_peak_pct = 0.5, 0.5
	wm_weight = 3, nlabels=0, contrast_type=1
	Changed 508285 aseg cortex voxels to 0
	Creating lowres distance volumes t=0.0209797
	Creating white distance volumes t=0.460377
	(box.dx, box.dy, box.dz) = (177, 263, 417)
	(region->dx, region->dy, region->dz) = (177, 263, 417)
	(region->dx, region->dy, region->dz) = (177, 263, 417)
	Creating pial distance volumes t=1.01233
	(box.dx, box.dy, box.dz) = (187, 276, 427)
	(region->dx, region->dy, region->dz) = (187, 276, 427)
	(region->dx, region->dy, region->dz) = (187, 276, 427)
	locating cortical regions not in interior range [110.0 --> 300.0], and not in exterior range [130.0 --> 300.0]
	t = 1.67221
	Starting loop over 230354 vertices
	   vno = 0, t = 1.67221
	error: Numerical argument out of domain
	error: MRIhistogramLabelRegion: constant image 
	error: Numerical argument out of domain
	error: MRIhistogramLabelRegion: constant image 
	Segmentation fault (core dumped)
	Linux r812u31n01.milgram.ycrc.yale.edu 4.18.0-553.87.1.el8_10.x86_64 #1 SMP Tue Nov 25 00:57:14 EST 2025 x86_64 x86_64 x86_64 GNU/Linux

	recon-all -s sub-pp03 exited with ERRORS at Thu May 14 03:09:08 EDT 2026

	For more details, see the log file /gpfs/milgram/scratch60/turk-browne/aa2842/sandbox/auditory-object-scenes-data/objects_scenes_bids/derivatives/sourcedata/freesurfer/sub-pp03/scripts/recon-all.log
	To report a problem, see http://surfer.nmr.mgh.harvard.edu/fswiki/BugReporting

Stderr:

Traceback:
	RuntimeError: subprocess exited with code 1.

260514-03:09:11,129 nipype.workflow ERROR:
	 could not run node: fmriprep_23_2_wf.sub_pp03_wf.anat_fit_wf.surface_recon_wf.autorecon_resume_wf.cortribbon
260514-03:09:11,217 nipype.workflow CRITICAL:
	 fMRIPrep failed: Traceback (most recent call last):
  File "/opt/conda/envs/fmriprep/lib/python3.10/site-packages/nipype/pipeline/plugins/multiproc.py", line 67, in run_node
    result["result"] = node.run(updatehash=updatehash)
  File "/opt/conda/envs/fmriprep/lib/python3.10/site-packages/nipype/pipeline/engine/nodes.py", line 527, in run
    result = self._run_interface(execute=True)
  File "/opt/conda/envs/fmriprep/lib/python3.10/site-packages/nipype/pipeline/engine/nodes.py", line 645, in _run_interface
    return self._run_command(execute)
  File "/opt/conda/envs/fmriprep/lib/python3.10/site-packages/nipype/pipeline/engine/nodes.py", line 771, in _run_command
    raise NodeExecutionError(msg)
nipype.pipeline.engine.nodes.NodeExecutionError: Exception raised while executing Node cortribbon.

Cmdline:
	recon-all -parallel -subjid sub-pp03 -sd /gpfs/milgram/scratch60/turk-browne/aa2842/sandbox/auditory-object-scenes-data/objects_scenes_bids/derivatives/sourcedata/freesurfer -T2pial -cortribbon
Stdout:
	fs-check-version --s sub-pp03 --o /tmp/tmp.RDpEpb
	Thu May 14 03:02:41 EDT 2026

	setenv SUBJECTS_DIR /gpfs/milgram/scratch60/turk-browne/aa2842/sandbox/auditory-object-scenes-data/objects_scenes_bids/derivatives/sourcedata/freesurfer
	cd /gpfs/milgram/scratch60/turk-browne/aa2842/sandbox/auditory-object-scenes-data/bids_workdir/fmriprep_23_2_wf/sub_pp03_wf/anat_fit_wf/surface_recon_wf/autorecon_resume_wf/cortribbon
	/opt/freesurfer/bin/fs-check-version --s sub-pp03 --o /tmp/tmp.RDpEpb
	-rwxrwxr-x 1 aa2842 turk-browne 18565 Aug  4  2022 /opt/freesurfer/bin/fs-check-version

	freesurfer-linux-ubuntu22_x86_64-7.3.2-20220804-6354275
	$Id$
	Linux r812u31n01.milgram.ycrc.yale.edu 4.18.0-553.87.1.el8_10.x86_64 #1 SMP Tue Nov 25 00:57:14 EST 2025 x86_64 x86_64 x86_64 GNU/Linux
	pid 607848
	Current FS Version freesurfer-linux-ubuntu22_x86_64-7.3.2-20220804-6354275
	bstampfile exists /gpfs/milgram/scratch60/turk-browne/aa2842/sandbox/auditory-object-scenes-data/objects_scenes_bids/derivatives/sourcedata/freesurfer/sub-pp03/scripts/build-stamp.txt
	Subject FS Version: freesurfer-linux-ubuntu22_x86_64-7.3.2-20220804-6354275
	No constraints on version because REQ=UnSet and FsVerFile=NotThere
	#@#% fs-check-version match = 1
	fs-check-version Done
	INFO: SUBJECTS_DIR is /gpfs/milgram/scratch60/turk-browne/aa2842/sandbox/auditory-object-scenes-data/objects_scenes_bids/derivatives/sourcedata/freesurfer
	Actual FREESURFER_HOME /opt/freesurfer
	-rw-rw-r-- 1 aa2842 turk-browne 256778 May 14 02:20 /gpfs/milgram/scratch60/turk-browne/aa2842/sandbox/auditory-object-scenes-data/objects_scenes_bids/derivatives/sourcedata/freesurfer/sub-pp03/scripts/recon-all.log
	Linux r812u31n01.milgram.ycrc.yale.edu 4.18.0-553.87.1.el8_10.x86_64 #1 SMP Tue Nov 25 00:57:14 EST 2025 x86_64 x86_64 x86_64 GNU/Linux
	/gpfs/milgram/scratch60/turk-browne/aa2842/sandbox/auditory-object-scenes-data/objects_scenes_bids/derivatives/sourcedata/freesurfer/sub-pp03/mri/transforms /gpfs/milgram/scratch60/turk-browne/aa2842/sandbox/auditory-object-scenes-data/objects_scenes_bids/derivatives/sourcedata/freesurfer/sub-pp03 
	/gpfs/milgram/scratch60/turk-browne/aa2842/sandbox/auditory-object-scenes-data/objects_scenes_bids/derivatives/sourcedata/freesurfer/sub-pp03 
	#--------------------------------------------
	#@# Refine Pial Surfs w/ T2/FLAIR Thu May 14 03:02:42 EDT 2026

	 bbregister --s sub-pp03 --mov /gpfs/milgram/scratch60/turk-browne/aa2842/sandbox/auditory-object-scenes-data/objects_scenes_bids/derivatives/sourcedata/freesurfer/sub-pp03/mri/orig/T2raw.mgz --lta /gpfs/milgram/scratch60/turk-browne/aa2842/sandbox/auditory-object-scenes-data/objects_scenes_bids/derivatives/sourcedata/freesurfer/sub-pp03/mri/transforms/T2raw.auto.lta --init-coreg --T2 --gm-proj-abs 2 --wm-proj-abs 1 --no-coreg-ref-mask 

	tmp /gpfs/milgram/scratch60/turk-browne/aa2842/sandbox/auditory-object-scenes-data/objects_scenes_bids/derivatives/sourcedata/freesurfer/sub-pp03/mri/transforms/tmp.bbregister.608066
	Log file is /gpfs/milgram/scratch60/turk-browne/aa2842/sandbox/auditory-object-scenes-data/objects_scenes_bids/derivatives/sourcedata/freesurfer/sub-pp03/mri/transforms/T2raw.auto.log
	Thu May 14 03:02:42 EDT 2026

	setenv SUBJECTS_DIR /gpfs/milgram/scratch60/turk-browne/aa2842/sandbox/auditory-object-scenes-data/objects_scenes_bids/derivatives/sourcedata/freesurfer
	cd /gpfs/milgram/scratch60/turk-browne/aa2842/sandbox/auditory-object-scenes-data/objects_scenes_bids/derivatives/sourcedata/freesurfer/sub-pp03/scripts
	/opt/freesurfer/bin/bbregister --s sub-pp03 --mov /gpfs/milgram/scratch60/turk-browne/aa2842/sandbox/auditory-object-scenes-data/objects_scenes_bids/derivatives/sourcedata/freesurfer/sub-pp03/mri/orig/T2raw.mgz --lta /gpfs/milgram/scratch60/turk-browne/aa2842/sandbox/auditory-object-scenes-data/objects_scenes_bids/derivatives/sourcedata/freesurfer/sub-pp03/mri/transforms/T2raw.auto.lta --init-coreg --T2 --gm-proj-abs 2 --wm-proj-abs 1 --no-coreg-ref-mask

	bbregister 7.3.2
	Linux r812u31n01.milgram.ycrc.yale.edu 4.18.0-553.87.1.el8_10.x86_64 #1 SMP Tue Nov 25 00:57:14 EST 2025 x86_64 x86_64 x86_64 GNU/Linux
	FREESURFER_HOME /opt/freesurfer
	mri_convert /gpfs/milgram/scratch60/turk-browne/aa2842/sandbox/auditory-object-scenes-data/objects_scenes_bids/derivatives/sourcedata/freesurfer/sub-pp03/mri/orig/T2raw.mgz /gpfs/milgram/scratch60/turk-browne/aa2842/sandbox/auditory-object-scenes-data/objects_scenes_bids/derivatives/sourcedata/freesurfer/sub-pp03/mri/transforms/tmp.bbregister.608066/template.nii
	mri_convert /gpfs/milgram/scratch60/turk-browne/aa2842/sandbox/auditory-object-scenes-data/objects_scenes_bids/derivatives/sourcedata/freesurfer/sub-pp03/mri/orig/T2raw.mgz /gpfs/milgram/scratch60/turk-browne/aa2842/sandbox/auditory-object-scenes-data/objects_scenes_bids/derivatives/sourcedata/freesurfer/sub-pp03/mri/transforms/tmp.bbregister.608066/template.nii 
	reading from /gpfs/milgram/scratch60/turk-browne/aa2842/sandbox/auditory-object-scenes-data/objects_scenes_bids/derivatives/sourcedata/freesurfer/sub-pp03/mri/orig/T2raw.mgz...
	TR=3200.00, TE=0.00, TI=0.00, flip angle=0.00
	i_ras = (0.998838, 0.0431885, 0.02141)
	j_ras = (-0.024263, 0.834231, -0.550881)
	k_ras = (-0.0416526, 0.549721, 0.834309)
	writing to /gpfs/milgram/scratch60/turk-browne/aa2842/sandbox/auditory-object-scenes-data/objects_scenes_bids/derivatives/sourcedata/freesurfer/sub-pp03/mri/transforms/tmp.bbregister.608066/template.nii...
	mri_coreg --s sub-pp03 --mov /gpfs/milgram/scratch60/turk-browne/aa2842/sandbox/auditory-object-scenes-data/objects_scenes_bids/derivatives/sourcedata/freesurfer/sub-pp03/mri/transforms/tmp.bbregister.608066/template.nii --regdat /gpfs/milgram/scratch60/turk-browne/aa2842/sandbox/auditory-object-scenes-data/objects_scenes_bids/derivatives/sourcedata/freesurfer/sub-pp03/mri/transforms/tmp.bbregister.608066/reg.init.dat --reg /gpfs/milgram/scratch60/turk-browne/aa2842/sandbox/auditory-object-scenes-data/objects_scenes_bids/derivatives/sourcedata/freesurfer/sub-pp03/mri/transforms/tmp.bbregister.608066/mri_coreg.lta --nthreads 4 --dof 6 --sep 4 --ftol .0001 --linmintol .01 --no-ref-mask

	$Id: mri_coreg.c,v 1.27 2016/04/30 15:11:49 greve Exp $
	cwd /gpfs/milgram/scratch60/turk-browne/aa2842/sandbox/auditory-object-scenes-data/objects_scenes_bids/derivatives/sourcedata/freesurfer/sub-pp03/scripts
	cmdline mri_coreg --s sub-pp03 --mov /gpfs/milgram/scratch60/turk-browne/aa2842/sandbox/auditory-object-scenes-data/objects_scenes_bids/derivatives/sourcedata/freesurfer/sub-pp03/mri/transforms/tmp.bbregister.608066/template.nii --regdat /gpfs/milgram/scratch60/turk-browne/aa2842/sandbox/auditory-object-scenes-data/objects_scenes_bids/derivatives/sourcedata/freesurfer/sub-pp03/mri/transforms/tmp.bbregister.608066/reg.init.dat --reg /gpfs/milgram/scratch60/turk-browne/aa2842/sandbox/auditory-object-scenes-data/objects_scenes_bids/derivatives/sourcedata/freesurfer/sub-pp03/mri/transforms/tmp.bbregister.608066/mri_coreg.lta --nthreads 4 --dof 6 --sep 4 --ftol .0001 --linmintol .01 --no-ref-mask 
	sysname  Linux
	hostname r812u31n01.milgram.ycrc.yale.edu
	machine  x86_64
	user     aa2842
	dof    6
	nsep    1
	cras0    1
	ftol    0.000100
	linmintol    0.010000
	bf       1
	bflim    30.000000
	bfnsamp    30
	SmoothRef 0
	SatPct    99.990000
	MovOOB 0
	optschema 1
	Seed 53
	Reading in mov /gpfs/milgram/scratch60/turk-browne/aa2842/sandbox/auditory-object-scenes-data/objects_scenes_bids/derivatives/sourcedata/freesurfer/sub-pp03/mri/transforms/tmp.bbregister.608066/template.nii
	Reading in ref /gpfs/milgram/scratch60/turk-browne/aa2842/sandbox/auditory-object-scenes-data/objects_scenes_bids/derivatives/sourcedata/freesurfer/sub-pp03/mri/brainmask.mgz
	Setting cras translation parameters to align volume centers
	Creating random numbers for coordinate dithering
	Performing intensity dithering
	Performing intensity dithering on mov with computed dither
	Init matrix params -0.1443 -7.6357 -21.3194  0.0000  0.0000  0.0000  1.0000  1.0000  1.0000  0.0000  0.0000  0.0000 
	Initial parameters to be opt -0.1443 -7.6357 -21.3194  0.0000  0.0000  0.0000 
	Separation list (1):  4   min = 4
	DoSmoothing 1
	DoCoordDither 1
	DoIntensityDither 1
	nitersmax 4
	ftol 1.000e-04
	linmintol 1.000e-02
	SatPct 99.990000
	Hist FWHM 7.000000 7.000000
	nthreads 4
	movsat = 481.0000
	mov gstd 1.9368 1.9381 1.9368
	Smoothing mov
	refsat = 185.0000
	ref gstd 1.9140 1.9140 1.9140
	Smoothing ref
	COREGpreproc() done
	Testing if mov and target overlap
	Init cost   -1.0339937718
	nhits = 53686 out of 32768000, Percent Overlap:  10.5
	Initial  RefRAS-to-MovRAS
	 1.00000   0.00000   0.00000  -0.14432;
	 0.00000   1.00000   0.00000  -7.63573;
	 0.00000   0.00000   1.00000  -21.31944;
	 0.00000   0.00000   0.00000   1.00000;
	Initial  RefVox-to-MovVox
	-1.53422  -0.03289   0.06634   403.87177;
	 0.03882   0.88141   1.33477  -308.17242;
	 0.06398  -1.28150   0.84437   251.01720;
	 0.00000   0.00000   0.00000   1.00000;
	sep = 4 -----------------------------------
	COREGoptBruteForce() 30 1 30
	Turning on MovOOB for BruteForce Search
	#BF# sep= 4 iter=0 lim=30.0 delta=2.00  -0.14432   2.36427   0.68056 -30.00000   2.00000   4.00000   -1.0224430
	Turning  MovOOB back off after brute force search


	---------------------------------
	Init Powel Params dof = 6: -0.144318 2.364273 0.680557 -30.000000 2.000000 4.000000 
	Starting OpenPowel2(), sep = 4
	InitialCost        -1.0563206673 
	#@#  4  188  -0.14432 2.36427 0.68056 -30.00000 2.00000 4.00000   -1.0563207
	fs_powell::minimize
	  nparams 6
	  maxfev 4
	  ftol   0.000100
	  linmin_xtol_   0.010000
	  powell nthiter 0: fret = -1.056321
	#@#  4  193  -0.76235 2.36427 0.68056 -30.00000 2.00000 4.00000   -1.0563964
	#@#  4  197  -0.74427 2.36427 0.68056 -30.00000 2.00000 4.00000   -1.0563993
	#@#  4  201  -0.74427 3.36427 0.68056 -30.00000 2.00000 4.00000   -1.0564008
	#@#  4  204  -0.74427 3.98231 0.68056 -30.00000 2.00000 4.00000   -1.0564212
	#@#  4  215  -0.74427 3.98231 -0.93748 -30.00000 2.00000 4.00000   -1.0576395
	#@#  4  216  -0.74427 3.98231 -3.68666 -30.00000 2.00000 4.00000   -1.0591536
	#@#  4  219  -0.74427 3.98231 -5.43310 -30.00000 2.00000 4.00000   -1.0594532
	#@#  4  222  -0.74427 3.98231 -5.71811 -30.00000 2.00000 4.00000   -1.0594869
	#@#  4  225  -0.74427 3.98231 -5.68693 -30.00000 2.00000 4.00000   -1.0594949
	#@#  4  229  -0.74427 3.98231 -5.67693 -30.00000 2.00000 4.00000   -1.0594980
	#@#  4  231  -0.74427 3.98231 -5.67693 -29.00000 2.00000 4.00000   -1.0597637
	#@#  4  232  -0.74427 3.98231 -5.67693 -27.38197 2.00000 4.00000   -1.0600226
	#@#  4  233  -0.74427 3.98231 -5.67693 -26.20911 2.00000 4.00000   -1.0603586
	#@#  4  234  -0.74427 3.98231 -5.67693 -24.31140 2.00000 4.00000   -1.0609523
	#@#  4  235  -0.74427 3.98231 -5.67693 -21.24083 2.00000 4.00000   -1.0618193
	#@#  4  236  -0.74427 3.98231 -5.67693 0.24496 2.00000 4.00000   -1.0634447
	#@#  4  241  -0.74427 3.98231 -5.67693 -7.96188 2.00000 4.00000   -1.0634503
	#@#  4  248  -0.74427 3.98231 -5.67693 -7.44428 2.00000 4.00000   -1.0634559
	#@#  4  252  -0.74427 3.98231 -5.67693 -7.51980 2.00000 4.00000   -1.0634723
	#@#  4  258  -0.74427 3.98231 -5.67693 -7.51980 0.38197 4.00000   -1.0638208
	#@#  4  259  -0.74427 3.98231 -5.67693 -7.51980 -2.07246 4.00000   -1.0642705
	#@#  4  264  -0.74427 3.98231 -5.67693 -7.51980 -2.29988 4.00000   -1.0642858
	#@#  4  265  -0.74427 3.98231 -5.67693 -7.51980 -2.53003 4.00000   -1.0643086
	#@#  4  266  -0.74427 3.98231 -5.67693 -7.51980 -2.93200 4.00000   -1.0643213
	#@#  4  276  -0.74427 3.98231 -5.67693 -7.51980 -2.93200 2.38197   -1.0645456
	#@#  4  277  -0.74427 3.98231 -5.67693 -7.51980 -2.93200 2.25910   -1.0645549
	#@#  4  282  -0.74427 3.98231 -5.67693 -7.51980 -2.93200 2.20423   -1.0645632
	  powell nthiter 1: fret = -1.064563
	#@#  4  288  0.25573 3.98231 -5.67693 -7.51980 -2.93200 2.20423   -1.0647888
	#@#  4  300  0.25573 2.36427 -5.67693 -7.51980 -2.93200 2.20423   -1.0648142
	#@#  4  305  0.25573 2.98231 -5.67693 -7.51980 -2.93200 2.20423   -1.0648206
	#@#  4  306  0.25573 2.77304 -5.67693 -7.51980 -2.93200 2.20423   -1.0648460
	#@#  4  312  0.25573 2.77304 -4.67693 -7.51980 -2.93200 2.20423   -1.0676794
	#@#  4  313  0.25573 2.77304 -3.05889 -7.51980 -2.93200 2.20423   -1.0716153
	#@#  4  316  0.25573 2.77304 -0.33350 -7.51980 -2.93200 2.20423   -1.0742719
	#@#  4  318  0.25573 2.77304 -0.60371 -7.51980 -2.93200 2.20423   -1.0743130
	#@#  4  319  0.25573 2.77304 -0.64562 -7.51980 -2.93200 2.20423   -1.0743186
	#@#  4  324  0.25573 2.77304 -0.68072 -7.51980 -2.93200 2.20423   -1.0743213
	#@#  4  328  0.25573 2.77304 -0.68072 -6.51980 -2.93200 2.20423   -1.0752046
	#@#  4  329  0.25573 2.77304 -0.68072 -4.90176 -2.93200 2.20423   -1.0765470
	#@#  4  332  0.25573 2.77304 -0.68072 2.51672 -2.93200 2.20423   -1.0794753
	#@#  4  334  0.25573 2.77304 -0.68072 0.81415 -2.93200 2.20423   -1.0797877
	#@#  4  337  0.25573 2.77304 -0.68072 1.02160 -2.93200 2.20423   -1.0798016
	#@#  4  339  0.25573 2.77304 -0.68072 0.99547 -2.93200 2.20423   -1.0798225
	#@#  4  343  0.25573 2.77304 -0.68072 0.99547 -1.93200 2.20423   -1.0807291
	#@#  4  344  0.25573 2.77304 -0.68072 0.99547 -0.31397 2.20423   -1.0807761
	#@#  4  345  0.25573 2.77304 -0.68072 0.99547 -1.07969 2.20423   -1.0809854
	#@#  4  348  0.25573 2.77304 -0.68072 0.99547 -0.78721 2.20423   -1.0810078
	#@#  4  351  0.25573 2.77304 -0.68072 0.99547 -0.83174 2.20423   -1.0810167
	#@#  4  356  0.25573 2.77304 -0.68072 0.99547 -0.83174 0.58620   -1.0814992
	#@#  4  357  0.25573 2.77304 -0.68072 0.99547 -0.83174 0.69398   -1.0815213
	#@#  4  359  0.25573 2.77304 -0.68072 0.99547 -0.83174 1.27085   -1.0815604
	#@#  4  361  0.25573 2.77304 -0.68072 0.99547 -0.83174 1.02195   -1.0815955
	#@#  4  362  0.25573 2.77304 -0.68072 0.99547 -0.83174 1.03558   -1.0816069
	#@#  4  363  0.25573 2.77304 -0.68072 0.99547 -0.83174 1.12931   -1.0816177
	#@#  4  365  0.25573 2.77304 -0.68072 0.99547 -0.83174 1.09113   -1.0816257
	#@#  4  366  0.25573 2.77304 -0.68072 0.99547 -0.83174 1.10113   -1.0816277
	  powell nthiter 2: fret = -1.081628
	#@#  4  375  0.10942 2.77304 -0.68072 0.99547 -0.83174 1.10113   -1.0816499
	#@#  4  379  0.09080 2.77304 -0.68072 0.99547 -0.83174 1.10113   -1.0816513
	#@#  4  383  0.09080 1.15501 -0.68072 0.99547 -0.83174 1.10113   -1.0834831
	#@#  4  384  0.09080 0.20726 -0.68072 0.99547 -0.83174 1.10113   -1.0835458
	#@#  4  385  0.09080 0.60151 -0.68072 0.99547 -0.83174 1.10113   -1.0836121
	#@#  4  389  0.09080 0.67992 -0.68072 0.99547 -0.83174 1.10113   -1.0836220
	#@#  4  394  0.09080 0.67992 0.31928 0.99547 -0.83174 1.10113   -1.0856494
	#@#  4  397  0.09080 0.67992 0.93731 0.99547 -0.83174 1.10113   -1.0856825
	#@#  4  399  0.09080 0.67992 0.64527 0.99547 -0.83174 1.10113   -1.0857850
	#@#  4  400  0.09080 0.67992 0.65527 0.99547 -0.83174 1.10113   -1.0858010
	#@#  4  410  0.09080 0.67992 0.65527 0.91181 -0.83174 1.10113   -1.0858141
	#@#  4  422  0.09080 0.67992 0.65527 0.91181 -0.75764 1.10113   -1.0858247
	#@#  4  429  0.09080 0.67992 0.65527 0.91181 -0.75764 -0.51691   -1.0862775
	#@#  4  430  0.09080 0.67992 0.65527 0.91181 -0.75764 -0.08408   -1.0863774
	  powell nthiter 3: fret = -1.086377
	#@#  4  447  -0.01070 0.67992 0.65527 0.91181 -0.75764 -0.08408   -1.0863953
	#@#  4  456  -0.02070 0.06188 0.65527 0.91181 -0.75764 -0.08408   -1.0868717
	#@#  4  458  -0.02070 -0.07495 0.65527 0.91181 -0.75764 -0.08408   -1.0869801
	#@#  4  471  -0.02070 -0.07495 0.67684 0.91181 -0.75764 -0.08408   -1.0869900
	#@#  4  473  -0.02070 -0.07495 0.68684 0.91181 -0.75764 -0.08408   -1.0869936
	#@#  4  485  -0.02070 -0.07495 0.68684 0.93310 -0.75764 -0.08408   -1.0869977
	#@#  4  487  -0.02070 -0.07495 0.68684 0.92310 -0.75764 -0.08408   -1.0870005
	#@#  4  493  -0.02070 -0.07495 0.68684 0.92310 -0.37567 -0.08408   -1.0871418
	#@#  4  496  -0.02070 -0.07495 0.68684 0.92310 -0.26751 -0.08408   -1.0871613
	Powell done niters total = 4
	OptTimeSec  7.3 sec
	OptTimeMin  0.12 min
	nEvals 513
	Final optimized parameters  -0.02069831  -0.07495306   0.68683797   0.92309856  -0.26750743  -0.08408461 
	Final matrix parameters -0.1322 -0.8298  0.7184  0.9344  0.2226 -0.0841  1.0000  1.0000  1.0000  0.0000  0.0000  0.0000 
	Final cost   -1.087161248303997
 

	---------------------------------
	Final  RefRAS-to-MovRAS
	 0.99999  -0.00147  -0.00467  -0.02070;
	 0.00154   0.99987   0.01611  -0.07495;
	 0.00464  -0.01612   0.99986   0.68684;
	 0.00000   0.00000   0.00000   1.00000;
	Final  RefVox-to-MovVox
	-1.53445  -0.02679   0.06355   405.05386;
	 0.04086   0.85960   1.34886  -318.52939;
	 0.05672  -1.29522   0.82370   300.91837;
	 0.00000   0.00000   0.00000   1.00000;
	Final matrix parameters -0.0207 -0.0750  0.6868  0.9231 -0.2675 -0.0841  0.0000  0.0000  0.0000  0.0000  0.0000  0.0000 
	Final opt parameters -0.0207 -0.0750  0.6868  0.9231 -0.2675 -0.0841 
	nhits = 53690 out of 32768000, Percent Overlap:  10.5
	mri_coreg RunTimeSec 97.6 sec
	To check run:
	   tkregisterfv --mov /gpfs/milgram/scratch60/turk-browne/aa2842/sandbox/auditory-object-scenes-data/objects_scenes_bids/derivatives/sourcedata/freesurfer/sub-pp03/mri/transforms/tmp.bbregister.608066/template.nii --targ /gpfs/milgram/scratch60/turk-browne/aa2842/sandbox/auditory-object-scenes-data/objects_scenes_bids/derivatives/sourcedata/freesurfer/sub-pp03/mri/brainmask.mgz --reg /gpfs/milgram/scratch60/turk-browne/aa2842/sandbox/auditory-object-scenes-data/objects_scenes_bids/derivatives/sourcedata/freesurfer/sub-pp03/mri/transforms/tmp.bbregister.608066/mri_coreg.lta --s sub-pp03 --surfs 

	mri_coreg done

	mri_segreg --mov /gpfs/milgram/scratch60/turk-browne/aa2842/sandbox/auditory-object-scenes-data/objects_scenes_bids/derivatives/sourcedata/freesurfer/sub-pp03/mri/transforms/tmp.bbregister.608066/template.nii --init-reg /gpfs/milgram/scratch60/turk-browne/aa2842/sandbox/auditory-object-scenes-data/objects_scenes_bids/derivatives/sourcedata/freesurfer/sub-pp03/mri/transforms/tmp.bbregister.608066/reg.init.dat --out-reg /gpfs/milgram/scratch60/turk-browne/aa2842/sandbox/auditory-object-scenes-data/objects_scenes_bids/derivatives/sourcedata/freesurfer/sub-pp03/mri/transforms/tmp.bbregister.608066/bbr.pass1.dat --subsamp-brute 100 --subsamp 100 --tol 1e-4 --tol1d 1e-3 --brute -4 4 4 --surf white --gm-proj-abs 2 --gm-gt-wm 0.5
	7.3.2
	setenv SUBJECTS_DIR /gpfs/milgram/scratch60/turk-browne/aa2842/sandbox/auditory-object-scenes-data/objects_scenes_bids/derivatives/sourcedata/freesurfer
	cd /gpfs/milgram/scratch60/turk-browne/aa2842/sandbox/auditory-object-scenes-data/objects_scenes_bids/derivatives/sourcedata/freesurfer/sub-pp03/scripts
	mri_segreg --mov /gpfs/milgram/scratch60/turk-browne/aa2842/sandbox/auditory-object-scenes-data/objects_scenes_bids/derivatives/sourcedata/freesurfer/sub-pp03/mri/transforms/tmp.bbregister.608066/template.nii --init-reg /gpfs/milgram/scratch60/turk-browne/aa2842/sandbox/auditory-object-scenes-data/objects_scenes_bids/derivatives/sourcedata/freesurfer/sub-pp03/mri/transforms/tmp.bbregister.608066/reg.init.dat --out-reg /gpfs/milgram/scratch60/turk-browne/aa2842/sandbox/auditory-object-scenes-data/objects_scenes_bids/derivatives/sourcedata/freesurfer/sub-pp03/mri/transforms/tmp.bbregister.608066/bbr.pass1.dat --subsamp-brute 100 --subsamp 100 --tol 1e-4 --tol1d 1e-3 --brute -4 4 4 --surf white --gm-proj-abs 2 --gm-gt-wm 0.5 
	sysname  Linux
	hostname r812u31n01.milgram.ycrc.yale.edu
	machine  x86_64
	user     aa2842
	movvol /gpfs/milgram/scratch60/turk-browne/aa2842/sandbox/auditory-object-scenes-data/objects_scenes_bids/derivatives/sourcedata/freesurfer/sub-pp03/mri/transforms/tmp.bbregister.608066/template.nii
	regfile /gpfs/milgram/scratch60/turk-browne/aa2842/sandbox/auditory-object-scenes-data/objects_scenes_bids/derivatives/sourcedata/freesurfer/sub-pp03/mri/transforms/tmp.bbregister.608066/reg.init.dat
	subject sub-pp03
	dof 6
	outregfile /gpfs/milgram/scratch60/turk-browne/aa2842/sandbox/auditory-object-scenes-data/objects_scenes_bids/derivatives/sourcedata/freesurfer/sub-pp03/mri/transforms/tmp.bbregister.608066/bbr.pass1.dat
	UseMask 0
	UseLH 1
	UseRH 1
	nsubsamp 100
	PenaltySign  -1
	PenaltySlope 0.500000
	PenaltyCenter 0.000000
	surfname white
	GMProjAbs 2.000000
	WMProjAbs 2.000000
	lhcostfile (null)
	rhcostfile (null)
	interp  trilinear (1)
	frame  0
	TolPowell 0.000100
	nMaxItersPowell 36
	n1dmin  3
	Profile   0
	Gdiag_no  -1
	AddNoise  0 (0)
	SynthSeed 1778938077
	TransRandMax 0.000000
	RotRandMax 0.000000
	Translations 0.000000 0.000000 0.000000
	Rotations   0.000000 0.000000 0.000000
	Input reg
	-0.99899  -0.04137  -0.01744  -0.22044;
	-0.03693   0.53626   0.84324   22.16194;
	 0.02553  -0.84304   0.53725   5.31963;
	 0.00000   0.00000   0.00000   1.00000;

	Loading mov
	ExcludeZeroVoxels 1
	Reading in targ vol /gpfs/milgram/scratch60/turk-browne/aa2842/sandbox/auditory-object-scenes-data/objects_scenes_bids/derivatives/sourcedata/freesurfer/sub-pp03/mri/orig.mgz
	Projecting LH Surfs
	Loading lh.white surf
	GM Proj: 0 0.500000 2.000000
	WM Proj: 0 0.500000 2.000000
	Projecting RH Surfs
	Loading rh.white surf
	Projecting RH Surfs
	Using lh.cortex.label
	Using rh.cortex.label
	Computing relative cost
	 0  -25.0 -25.0 -25.0   1.034911
	 1  -25.0 -25.0  25.0   0.984822
	 2  -25.0  25.0 -25.0   0.956951
	 3  -25.0  25.0  25.0   1.035629
	 4   25.0 -25.0 -25.0   1.016578
	 5   25.0 -25.0  25.0   0.962899
	 6   25.0  25.0 -25.0   1.029929
	 7   25.0  25.0  25.0   0.968178
	REL:  8  0.152426    7.989897  0.998737 rel = 0.152619 
	Initial costs ----------------
	Number of surface hits 1567
	WM  Intensity   109.4616 +/-  26.7935
	Ctx Intensity   154.5412 +/-  34.4270
	Pct Contrast     33.5461 +/-  28.5626
	Cost   0.1524
	RelCost   0.1526

	------------------------------------
	Brute force preopt -4 4 4, n = 729
	     0  -4.0000  -4.0000  -4.0000  -4.0000  -4.0000  -4.0000      1.0480   1.0480  0.0
	     1  -4.0000  -4.0000  -4.0000  -4.0000  -4.0000   0.0000      1.0015   1.0015  0.0
	     2  -4.0000  -4.0000  -4.0000  -4.0000  -4.0000   4.0000      0.9767   0.9767  0.0
	     6  -4.0000  -4.0000  -4.0000  -4.0000   4.0000  -4.0000      0.9262   0.9262  0.0
	    15  -4.0000  -4.0000  -4.0000   0.0000   4.0000  -4.0000      0.8286   0.8286  0.0
	    63  -4.0000  -4.0000   4.0000   0.0000  -4.0000  -4.0000      0.7828   0.7828  0.0
	   102  -4.0000   0.0000  -4.0000   4.0000   0.0000  -4.0000      0.7271   0.7271  0.0
	   120  -4.0000   0.0000   0.0000   0.0000   0.0000  -4.0000      0.6606   0.6606  0.0
	   334   0.0000   0.0000  -4.0000   0.0000  -4.0000   0.0000      0.5878   0.5878  0.0
	   340   0.0000   0.0000  -4.0000   0.0000   4.0000   0.0000      0.5557   0.5557  0.0
	   343   0.0000   0.0000  -4.0000   4.0000  -4.0000   0.0000      0.5260   0.5260  0.0
	   346   0.0000   0.0000  -4.0000   4.0000   0.0000   0.0000      0.3851   0.3851  0.0
	   364   0.0000   0.0000   0.0000   0.0000   0.0000   0.0000      0.1524   0.1524  0.0
	Brute Force --------------------------
	Min cost was 0.152426
	Number of iterations   729
	Search time 1.223933 sec
	Parameters at best (transmm, rotdeg)
	  0.000   0.000   0.000  0.000  0.000  0.000 
	--------------------------------------------

	Starting Powell Minimization
	Init Powel Params dof = 6
	0 0
	1 0
	2 0
	3 0
	4 0
	5 0
	fs_powell::minimize
	  nparams 6
	  maxfev 36
	  ftol   0.000100
	  linmin_xtol_   0.001000
	  powell nthiter 0: fret = 0.152426
	   7 -0.003  0.000  0.000  0.000  0.000  0.000   0.1520543274
	   8 -0.238  0.000  0.000  0.000  0.000  0.000   0.1512566038
	   9 -0.124  0.000  0.000  0.000  0.000  0.000   0.1491272507
	  10 -0.130  0.000  0.000  0.000  0.000  0.000   0.1487834130
	  11 -0.169  0.000  0.000  0.000  0.000  0.000   0.1480760507
	  14 -0.179  0.000  0.000  0.000  0.000  0.000   0.1479182028
	  24 -0.179 -0.618  0.000  0.000  0.000  0.000   0.1314449906
	  28 -0.179 -0.555  0.000  0.000  0.000  0.000   0.1296364701
	  30 -0.179 -0.561  0.000  0.000  0.000  0.000   0.1295957567
	  31 -0.179 -0.583  0.000  0.000  0.000  0.000   0.1291922607
	  35 -0.179 -0.584  0.000  0.000  0.000  0.000   0.1291887919
	  45 -0.179 -0.584  0.020  0.000  0.000  0.000   0.1290616461
	  46 -0.179 -0.584  0.021  0.000  0.000  0.000   0.1290590111
	  48 -0.179 -0.584  0.024  0.000  0.000  0.000   0.1290487451
	  59 -0.179 -0.584  0.024 -0.090  0.000  0.000   0.1289503101
	  60 -0.179 -0.584  0.024 -0.050  0.000  0.000   0.1279570425
	  62 -0.179 -0.584  0.024 -0.059  0.000  0.000   0.1278597443
	  63 -0.179 -0.584  0.024 -0.060  0.000  0.000   0.1278579812
	  75 -0.179 -0.584  0.024 -0.060  0.011  0.000   0.1276608903
	  77 -0.179 -0.584  0.024 -0.060  0.012  0.000   0.1276570520
	  92 -0.179 -0.584  0.024 -0.060  0.012 -0.008   0.1274505578
	  powell nthiter 1: fret = 0.127451
	 102 -0.000 -0.584  0.024 -0.060  0.012 -0.008   0.1169793388
	 106 -0.006 -0.584  0.024 -0.060  0.012 -0.008   0.1168188077
	 107 -0.007 -0.584  0.024 -0.060  0.012 -0.008   0.1168121178
	 115 -0.007 -0.569  0.024 -0.060  0.012 -0.008   0.1162756725
	 119 -0.007 -0.570  0.024 -0.060  0.012 -0.008   0.1162604505
	 130 -0.007 -0.570  0.019 -0.060  0.012 -0.008   0.1161264890
	 131 -0.007 -0.570  0.016 -0.060  0.012 -0.008   0.1161120911
	 143 -0.007 -0.570  0.016 -0.044  0.012 -0.008   0.1157634172
	 144 -0.007 -0.570  0.016 -0.045  0.012 -0.008   0.1157611886
	 152 -0.007 -0.570  0.016 -0.045 -0.224 -0.008   0.1124045168
	 155 -0.007 -0.570  0.016 -0.045 -0.230 -0.008   0.1123909966
	 156 -0.007 -0.570  0.016 -0.045 -0.232 -0.008   0.1123848705
	 159 -0.007 -0.570  0.016 -0.045 -0.237 -0.008   0.1123702105
	 169 -0.007 -0.570  0.016 -0.045 -0.237 -0.050   0.1122844381
	 170 -0.007 -0.570  0.016 -0.045 -0.237 -0.037   0.1119076934
	  powell nthiter 2: fret = 0.111908
	 185 -0.006 -0.570  0.016 -0.045 -0.237 -0.037   0.1118912545
	 187 -0.004 -0.570  0.016 -0.045 -0.237 -0.037   0.1118808884
	 195 -0.004 -0.520  0.016 -0.045 -0.237 -0.037   0.1087389724
	 197 -0.004 -0.500  0.016 -0.045 -0.237 -0.037   0.1069153142
	 198 -0.004 -0.484  0.016 -0.045 -0.237 -0.037   0.1069115100
	 199 -0.004 -0.492  0.016 -0.045 -0.237 -0.037   0.1067807419
	 202 -0.004 -0.493  0.016 -0.045 -0.237 -0.037   0.1067747524
	 211 -0.004 -0.493  0.004 -0.045 -0.237 -0.037   0.1061221299
	 212 -0.004 -0.493 -0.005 -0.045 -0.237 -0.037   0.1060523399
	 213 -0.004 -0.493 -0.002 -0.045 -0.237 -0.037   0.1060299230
	 214 -0.004 -0.493 -0.001 -0.045 -0.237 -0.037   0.1060292854
	 222 -0.004 -0.493 -0.001 -0.085 -0.237 -0.037   0.1060083234
	 223 -0.004 -0.493 -0.001 -0.068 -0.237 -0.037   0.1058458223
	 224 -0.004 -0.493 -0.001 -0.066 -0.237 -0.037   0.1058345609
	 225 -0.004 -0.493 -0.001 -0.058 -0.237 -0.037   0.1058177026
	 226 -0.004 -0.493 -0.001 -0.060 -0.237 -0.037   0.1058138233
	 227 -0.004 -0.493 -0.001 -0.061 -0.237 -0.037   0.1058134177
	 238 -0.004 -0.493 -0.001 -0.061 -0.214 -0.037   0.1045417469
	 239 -0.004 -0.493 -0.001 -0.061 -0.213 -0.037   0.1045216417
	 240 -0.004 -0.493 -0.001 -0.061 -0.206 -0.037   0.1044944718
	 242 -0.004 -0.493 -0.001 -0.061 -0.209 -0.037   0.1044760677
	 254 -0.004 -0.493 -0.001 -0.061 -0.209 -0.044   0.1044157596
	 255 -0.004 -0.493 -0.001 -0.061 -0.209 -0.041   0.1043835701
	  powell nthiter 3: fret = 0.104384
	 279 -0.004 -0.499 -0.001 -0.061 -0.209 -0.041   0.1043145461
	 280 -0.004 -0.498 -0.001 -0.061 -0.209 -0.041   0.1043018216
	 281 -0.004 -0.497 -0.001 -0.061 -0.209 -0.041   0.1042957502
	 291 -0.004 -0.497 -0.002 -0.061 -0.209 -0.041   0.1042746129
	 303 -0.004 -0.497 -0.002 -0.062 -0.209 -0.041   0.1042364484
	 304 -0.004 -0.497 -0.002 -0.071 -0.209 -0.041   0.1041820408
	 308 -0.004 -0.497 -0.002 -0.073 -0.209 -0.041   0.1041699223
	 309 -0.004 -0.497 -0.002 -0.074 -0.209 -0.041   0.1041685963
	 324 -0.004 -0.497 -0.002 -0.074 -0.208 -0.041   0.1041601667
	  powell nthiter 4: fret = 0.104160
	 349 -0.006 -0.497 -0.002 -0.074 -0.208 -0.041   0.1041580008
	 371 -0.006 -0.497  0.003 -0.074 -0.208 -0.041   0.1040908294
	 372 -0.006 -0.497  0.005 -0.074 -0.208 -0.041   0.1040793972
	 383 -0.006 -0.497  0.005 -0.085 -0.208 -0.041   0.1039080389
	 387 -0.006 -0.497  0.005 -0.086 -0.208 -0.041   0.1038915138
	 414 -0.006 -0.497  0.005 -0.086 -0.208 -0.043   0.1038794986
	 416 -0.007 -0.497  0.013 -0.097 -0.208 -0.045   0.1037482763
	 419 -0.009 -0.497  0.026 -0.116 -0.208 -0.047   0.1036432497
	 420 -0.009 -0.497  0.030 -0.122 -0.208 -0.048   0.1036160238
	 425 -0.010 -0.497  0.033 -0.127 -0.208 -0.049   0.1035997183
	 427 -0.010 -0.497  0.036 -0.130 -0.208 -0.049   0.1035944288
	 431 -0.010 -0.497  0.035 -0.129 -0.208 -0.049   0.1035944049
	 432 -0.010 -0.497  0.035 -0.130 -0.208 -0.049   0.1035940299
	  powell nthiter 5: fret = 0.103594
	 456 -0.010 -0.503  0.035 -0.130 -0.208 -0.049   0.1034391969
	 458 -0.010 -0.505  0.035 -0.130 -0.208 -0.049   0.1034389291
	 483 -0.010 -0.505  0.035 -0.130 -0.208 -0.052   0.1034100345
	 508 -0.010 -0.505  0.036 -0.130 -0.208 -0.052   0.1034077775
	 512 -0.010 -0.505  0.036 -0.130 -0.208 -0.052   0.1034074681
	  powell nthiter 6: fret = 0.103407
	 528 -0.009 -0.505  0.036 -0.130 -0.208 -0.052   0.1034049046
	 539 -0.009 -0.509  0.036 -0.130 -0.208 -0.052   0.1033919398
	 540 -0.009 -0.508  0.036 -0.130 -0.208 -0.052   0.1033870750
	  powell nthiter 7: fret = 0.103387
	 635 -0.009 -0.508  0.036 -0.130 -0.208 -0.052   0.1033869511
	 687 -0.009 -0.508  0.036 -0.130 -0.208 -0.052   0.1033868430
	Powell done niters = 7
	Computing relative cost
	 0  -25.0 -25.0 -25.0   1.050226
	 1  -25.0 -25.0  25.0   0.994813
	 2  -25.0  25.0 -25.0   0.928837
	 3  -25.0  25.0  25.0   1.074000
	 4   25.0 -25.0 -25.0   0.993800
	 5   25.0 -25.0  25.0   1.005570
	 6   25.0  25.0 -25.0   1.026451
	 7   25.0  25.0  25.0   0.992427
	REL:  8  0.103387    8.066125  1.008266 rel = 0.102539 
	Number of iterations     7
	Min cost was 0.103387
	Number of FunctionCalls   690
	TolPowell 0.000100
	nMaxItersPowell 36
	OptimizationTime 1.132816 sec
	Parameters at optimum (transmm) -0.00944 -0.50786  0.03583
	Parameters at optimum (rotdeg) -0.13021 -0.20760 -0.05208 
	Final costs ----------------
	Number of surface hits 1564
	WM  Intensity   108.4273 +/-  24.9209
	Ctx Intensity   154.1346 +/-  33.0624
	Pct Contrast     34.2204 +/-  26.7611
	Cost   0.1034
	RelCost   0.1526
	Reg at min cost was 
	-0.99911  -0.03783  -0.01861  -0.22882;
	-0.03596   0.53438   0.84448   21.66632;
	 0.02200  -0.84440   0.53527   5.30424;
	 0.00000   0.00000   0.00000   1.00000;

	Writing optimal reg to /gpfs/milgram/scratch60/turk-browne/aa2842/sandbox/auditory-object-scenes-data/objects_scenes_bids/derivatives/sourcedata/freesurfer/sub-pp03/mri/transforms/tmp.bbregister.608066/bbr.pass1.dat, type = 14 
	Original Reg 
	-0.99899  -0.04137  -0.01744  -0.22044;
	-0.03693   0.53626   0.84324   22.16194;
	 0.02553  -0.84304   0.53725   5.31963;
	 0.00000   0.00000   0.00000   1.00000;

	Original Reg - Optimal Reg
	 0.00012  -0.00354   0.00117   0.00838;
	-0.00097   0.00188  -0.00124   0.49562;
	 0.00354   0.00136   0.00198   0.01538;
	 0.00000   0.00000   0.00000   0.00000;

	Computing change in lh position
	LH rmsDiffMean 0.541543
	Computing change in rh position
	Surface-RMS-Diff-mm 0.516444 0.074471 0.719663
	mri_segreg done
	mri_segreg --mov /gpfs/milgram/scratch60/turk-browne/aa2842/sandbox/auditory-object-scenes-data/objects_scenes_bids/derivatives/sourcedata/freesurfer/sub-pp03/mri/transforms/tmp.bbregister.608066/template.nii --init-reg /gpfs/milgram/scratch60/turk-browne/aa2842/sandbox/auditory-object-scenes-data/objects_scenes_bids/derivatives/sourcedata/freesurfer/sub-pp03/mri/transforms/tmp.bbregister.608066/bbr.pass1.dat --out-reg /gpfs/milgram/scratch60/turk-browne/aa2842/sandbox/auditory-object-scenes-data/objects_scenes_bids/derivatives/sourcedata/freesurfer/sub-pp03/mri/transforms/T2raw.auto.dat --interp trilinear --wm-proj-abs 1 --tol 1e-8 --tol1d 1e-3 --c0 0 --mincost /gpfs/milgram/scratch60/turk-browne/aa2842/sandbox/auditory-object-scenes-data/objects_scenes_bids/derivatives/sourcedata/freesurfer/sub-pp03/mri/transforms/T2raw.auto.dat.mincost --dof 6 --nmax 36 --param /gpfs/milgram/scratch60/turk-browne/aa2842/sandbox/auditory-object-scenes-data/objects_scenes_bids/derivatives/sourcedata/freesurfer/sub-pp03/mri/transforms/T2raw.auto.dat.param --surf white --brute -0.1 0.1 0.1 --cur-reg /gpfs/milgram/scratch60/turk-browne/aa2842/sandbox/auditory-object-scenes-data/objects_scenes_bids/derivatives/sourcedata/freesurfer/sub-pp03/mri/transforms/tmp.bbregister.608066/reg.curopt.dat --gm-proj-abs 2 --nsub 1 --gm-gt-wm 0.5
	7.3.2
	setenv SUBJECTS_DIR /gpfs/milgram/scratch60/turk-browne/aa2842/sandbox/auditory-object-scenes-data/objects_scenes_bids/derivatives/sourcedata/freesurfer
	cd /gpfs/milgram/scratch60/turk-browne/aa2842/sandbox/auditory-object-scenes-data/objects_scenes_bids/derivatives/sourcedata/freesurfer/sub-pp03/scripts
	mri_segreg --mov /gpfs/milgram/scratch60/turk-browne/aa2842/sandbox/auditory-object-scenes-data/objects_scenes_bids/derivatives/sourcedata/freesurfer/sub-pp03/mri/transforms/tmp.bbregister.608066/template.nii --init-reg /gpfs/milgram/scratch60/turk-browne/aa2842/sandbox/auditory-object-scenes-data/objects_scenes_bids/derivatives/sourcedata/freesurfer/sub-pp03/mri/transforms/tmp.bbregister.608066/bbr.pass1.dat --out-reg /gpfs/milgram/scratch60/turk-browne/aa2842/sandbox/auditory-object-scenes-data/objects_scenes_bids/derivatives/sourcedata/freesurfer/sub-pp03/mri/transforms/T2raw.auto.dat --interp trilinear --wm-proj-abs 1 --tol 1e-8 --tol1d 1e-3 --c0 0 --mincost /gpfs/milgram/scratch60/turk-browne/aa2842/sandbox/auditory-object-scenes-data/objects_scenes_bids/derivatives/sourcedata/freesurfer/sub-pp03/mri/transforms/T2raw.auto.dat.mincost --dof 6 --nmax 36 --param /gpfs/milgram/scratch60/turk-browne/aa2842/sandbox/auditory-object-scenes-data/objects_scenes_bids/derivatives/sourcedata/freesurfer/sub-pp03/mri/transforms/T2raw.auto.dat.param --surf white --brute -0.1 0.1 0.1 --cur-reg /gpfs/milgram/scratch60/turk-browne/aa2842/sandbox/auditory-object-scenes-data/objects_scenes_bids/derivatives/sourcedata/freesurfer/sub-pp03/mri/transforms/tmp.bbregister.608066/reg.curopt.dat --gm-proj-abs 2 --nsub 1 --gm-gt-wm 0.5 
	sysname  Linux
	hostname r812u31n01.milgram.ycrc.yale.edu
	machine  x86_64
	user     aa2842
	movvol /gpfs/milgram/scratch60/turk-browne/aa2842/sandbox/auditory-object-scenes-data/objects_scenes_bids/derivatives/sourcedata/freesurfer/sub-pp03/mri/transforms/tmp.bbregister.608066/template.nii
	regfile /gpfs/milgram/scratch60/turk-browne/aa2842/sandbox/auditory-object-scenes-data/objects_scenes_bids/derivatives/sourcedata/freesurfer/sub-pp03/mri/transforms/tmp.bbregister.608066/bbr.pass1.dat
	subject sub-pp03
	dof 6
	outregfile /gpfs/milgram/scratch60/turk-browne/aa2842/sandbox/auditory-object-scenes-data/objects_scenes_bids/derivatives/sourcedata/freesurfer/sub-pp03/mri/transforms/T2raw.auto.dat
	UseMask 0
	UseLH 1
	UseRH 1
	nsubsamp 1
	PenaltySign  -1
	PenaltySlope 0.500000
	PenaltyCenter 0.000000
	surfname white
	GMProjAbs 2.000000
	WMProjAbs 1.000000
	lhcostfile (null)
	rhcostfile (null)
	interp  trilinear (1)
	frame  0
	TolPowell 0.000000
	nMaxItersPowell 36
	n1dmin  3
	Profile   0
	Gdiag_no  -1
	AddNoise  0 (0)
	SynthSeed 1778947541
	TransRandMax 0.000000
	RotRandMax 0.000000
	Translations 0.000000 0.000000 0.000000
	Rotations   0.000000 0.000000 0.000000
	Input reg
	-0.99911  -0.03783  -0.01861  -0.22882;
	-0.03596   0.53438   0.84448   21.66632;
	 0.02200  -0.84440   0.53527   5.30424;
	 0.00000   0.00000   0.00000   1.00000;

	Loading mov
	ExcludeZeroVoxels 1
	Reading in targ vol /gpfs/milgram/scratch60/turk-browne/aa2842/sandbox/auditory-object-scenes-data/objects_scenes_bids/derivatives/sourcedata/freesurfer/sub-pp03/mri/orig.mgz
	Projecting LH Surfs
	Loading lh.white surf
	GM Proj: 0 0.500000 2.000000
	WM Proj: 0 0.500000 1.000000
	Projecting RH Surfs
	Loading rh.white surf
	Projecting RH Surfs
	Using lh.cortex.label
	Using rh.cortex.label
	Computing relative cost
	 0  -25.0 -25.0 -25.0   1.006134
	 1  -25.0 -25.0  25.0   0.984688
	 2  -25.0  25.0 -25.0   0.981875
	 3  -25.0  25.0  25.0   1.007008
	 4   25.0 -25.0 -25.0   0.985578
	 5   25.0 -25.0  25.0   0.987125
	 6   25.0  25.0 -25.0   1.007592
	 7   25.0  25.0  25.0   0.987803
	REL:  8  0.083703    7.947804  0.993475 rel = 0.084253 
	Initial costs ----------------
	Number of surface hits 156048
	WM  Intensity   104.4033 +/-  21.2217
	Ctx Intensity   154.6935 +/-  32.3163
	Pct Contrast     37.9317 +/-  25.5233
	Cost   0.0837
	RelCost   0.0843

	------------------------------------
	Brute force preopt -0.1 0.1 0.1, n = 729
	     0  -0.1000  -0.1000  -0.1000  -0.1000  -0.1000  -0.1000      0.0955   0.0955  0.0
	     3  -0.1000  -0.1000  -0.1000  -0.1000   0.0000  -0.1000      0.0903   0.0903  0.0
	     6  -0.1000  -0.1000  -0.1000  -0.1000   0.1000  -0.1000      0.0895   0.0895  0.0
	    80  -0.1000  -0.1000   0.1000   0.1000   0.1000   0.1000      0.0876   0.0876  0.0
	   158  -0.1000   0.0000   0.1000   0.1000   0.0000   0.1000      0.0867   0.0867  0.0
	   209  -0.1000   0.1000   0.0000   0.1000  -0.1000   0.1000      0.0852   0.0852  0.0
	   236  -0.1000   0.1000   0.1000   0.1000  -0.1000   0.1000      0.0827   0.0827  0.0
	Brute Force --------------------------
	Min cost was 0.082678
	Number of iterations   729
	Search time 1.201243 sec
	Parameters at best (transmm, rotdeg)
	 -0.100   0.100   0.100  0.100 -0.100  0.100 
	--------------------------------------------

	Starting Powell Minimization
	Init Powel Params dof = 6
	0 -0.1
	1 0.1
	2 0.1
	3 0.1
	4 -0.1
	5 0.1
	fs_powell::minimize
	  nparams 6
	  maxfev 36
	  ftol   0.000000
	  linmin_xtol_   0.001000
	  powell nthiter 0: fret = 0.084030
	   7  0.091  0.100  0.100  0.100 -0.100  0.100   0.0828473513
	   8  0.090  0.100  0.100  0.100 -0.100  0.100   0.0828414613
	  10  0.072  0.100  0.100  0.100 -0.100  0.100   0.0827742141
	  11  0.063  0.100  0.100  0.100 -0.100  0.100   0.0827717748
	  12  0.067  0.100  0.100  0.100 -0.100  0.100   0.0827681591
	  21  0.067  0.092  0.100  0.100 -0.100  0.100   0.0827677088
	  22  0.067  0.096  0.100  0.100 -0.100  0.100   0.0827620801
	  23  0.067  0.097  0.100  0.100 -0.100  0.100   0.0827618038
	  31  0.067  0.097 -0.061  0.100 -0.100  0.100   0.0826910291
	  33  0.067  0.097 -0.235  0.100 -0.100  0.100   0.0825100524
	  37  0.067  0.097 -0.234  0.100 -0.100  0.100   0.0825061497
	  46  0.067  0.097 -0.234  0.482 -0.100  0.100   0.0816316812
	  47  0.067  0.097 -0.234  0.327 -0.100  0.100   0.0814610725
	  48  0.067  0.097 -0.234  0.368 -0.100  0.100   0.0812725203
	  52  0.067  0.097 -0.234  0.370 -0.100  0.100   0.0812547294
	  62  0.067  0.097 -0.234  0.370 -0.194  0.100   0.0811032063
	  63  0.067  0.097 -0.234  0.370 -0.156  0.100   0.0810511783
	  75  0.067  0.097 -0.234  0.370 -0.156 -0.069   0.0808778968
	  79  0.067  0.097 -0.234  0.370 -0.156 -0.043   0.0806881159
	  80  0.067  0.097 -0.234  0.370 -0.156 -0.038   0.0806686072
	  82  0.067  0.097 -0.234  0.370 -0.156 -0.035   0.0806673598
	  powell nthiter 1: fret = 0.080667
	  94  0.051  0.097 -0.234  0.370 -0.156 -0.035   0.0806502479
	  97  0.052  0.097 -0.234  0.370 -0.156 -0.035   0.0806498516
	  98  0.057  0.097 -0.234  0.370 -0.156 -0.035   0.0806469966
	 111  0.057  0.104 -0.234  0.370 -0.156 -0.035   0.0806329267
	 112  0.057  0.103 -0.234  0.370 -0.156 -0.035   0.0806317318
	 122  0.057  0.103 -0.240  0.370 -0.156 -0.035   0.0806247065
	 123  0.057  0.103 -0.245  0.370 -0.156 -0.035   0.0806035116
	 124  0.057  0.103 -0.255  0.370 -0.156 -0.035   0.0805565606
	 126  0.057  0.103 -0.253  0.370 -0.156 -0.035   0.0805506138
	 136  0.057  0.103 -0.253  0.380 -0.156 -0.035   0.0804888607
	 137  0.057  0.103 -0.253  0.397 -0.156 -0.035   0.0804135889
	 141  0.057  0.103 -0.253  0.396 -0.156 -0.035   0.0804117545
	 142  0.057  0.103 -0.253  0.395 -0.156 -0.035   0.0804092737
	 154  0.057  0.103 -0.253  0.395 -0.142 -0.035   0.0803724105
	 155  0.057  0.103 -0.253  0.395 -0.140 -0.035   0.0803665779
	 167  0.057  0.103 -0.253  0.395 -0.140 -0.041   0.0803596703
	 168  0.057  0.103 -0.253  0.395 -0.140 -0.040   0.0803590679
	 170  0.048  0.108 -0.272  0.420 -0.125 -0.045   0.0802570527
	 173  0.033  0.118 -0.302  0.461 -0.101 -0.052   0.0801830209
	 177  0.035  0.117 -0.298  0.455 -0.104 -0.051   0.0801782418
	 178  0.034  0.117 -0.298  0.457 -0.103 -0.051   0.0801725146
	 179  0.034  0.117 -0.300  0.458 -0.103 -0.052   0.0801665284
	 182  0.034  0.117 -0.300  0.458 -0.103 -0.052   0.0801664048
	 183  0.034  0.117 -0.300  0.459 -0.102 -0.052   0.0801648689
	 186  0.034  0.117 -0.300  0.459 -0.102 -0.052   0.0801644943
	 187  0.034  0.117 -0.300  0.459 -0.102 -0.052   0.0801637232
	  powell nthiter 2: fret = 0.080164
	 199  0.038  0.117 -0.300  0.459 -0.102 -0.052   0.0801547979
	 200  0.039  0.117 -0.300  0.459 -0.102 -0.052   0.0801546801
	 209  0.039  0.130 -0.300  0.459 -0.102 -0.052   0.0801415068
	 210  0.039  0.131 -0.300  0.459 -0.102 -0.052   0.0801413219
	 221  0.039  0.131 -0.326  0.459 -0.102 -0.052   0.0800044230
	 223  0.039  0.131 -0.324  0.459 -0.102 -0.052   0.0799857592
	 225  0.039  0.131 -0.320  0.459 -0.102 -0.052   0.0799826869
	 227  0.039  0.131 -0.321  0.459 -0.102 -0.052   0.0799706568
	 228  0.039  0.131 -0.322  0.459 -0.102 -0.052   0.0799597510
	 237  0.039  0.131 -0.322  0.459 -0.102 -0.049   0.0799526368
	 238  0.039  0.131 -0.322  0.459 -0.102 -0.045   0.0799492462
	 239  0.039  0.131 -0.322  0.459 -0.102 -0.046   0.0799490910
	 254  0.039  0.131 -0.322  0.459 -0.104 -0.046   0.0799448229
	 263  0.037  0.132 -0.326  0.464 -0.101 -0.047   0.0799410230
	 265  0.036  0.133 -0.327  0.465 -0.100 -0.047   0.0799330957
	 268  0.036  0.133 -0.327  0.466 -0.100 -0.047   0.0799317843
	 269  0.036  0.133 -0.328  0.466 -0.100 -0.048   0.0799305419
	 272  0.036  0.133 -0.328  0.466 -0.100 -0.048   0.0799303081
	 273  0.036  0.133 -0.328  0.466 -0.100 -0.048   0.0799301559
	 274  0.036  0.133 -0.328  0.466 -0.100 -0.048   0.0799300762
	  powell nthiter 3: fret = 0.079930
	 287  0.038  0.133 -0.328  0.466 -0.100 -0.048   0.0799283672
	 296  0.038  0.136 -0.328  0.466 -0.100 -0.048   0.0799257432
	 324  0.038  0.136 -0.328  0.466 -0.100 -0.046   0.0799242277
	 353  0.038  0.136 -0.328  0.466 -0.100 -0.046   0.0799240924
	  powell nthiter 4: fret = 0.079924
	 367  0.039  0.136 -0.328  0.466 -0.100 -0.046   0.0799232298
	 379  0.039  0.135 -0.328  0.466 -0.100 -0.046   0.0799231666
	 407  0.039  0.135 -0.328  0.466 -0.100 -0.045   0.0799227437
	 437  0.041  0.134 -0.328  0.466 -0.100 -0.044   0.0799224165
	 447  0.041  0.134 -0.328  0.466 -0.100 -0.044   0.0799223757
	  powell nthiter 5: fret = 0.079922
	 477  0.041  0.135 -0.328  0.466 -0.100 -0.044   0.0799220133
	 520  0.042  0.134 -0.328  0.466 -0.100 -0.043   0.0799215062
	 525  0.042  0.134 -0.328  0.466 -0.100 -0.043   0.0799214662
	 528  0.042  0.134 -0.328  0.466 -0.100 -0.043   0.0799214616
	 531  0.042  0.134 -0.328  0.466 -0.100 -0.043   0.0799214527
	  powell nthiter 6: fret = 0.079921
	Powell done niters = 6
	Computing relative cost
	 0  -25.0 -25.0 -25.0   1.006592
	 1  -25.0 -25.0  25.0   0.987756
	 2  -25.0  25.0 -25.0   0.986659
	 3  -25.0  25.0  25.0   1.007133
	 4   25.0 -25.0 -25.0   0.985262
	 5   25.0 -25.0  25.0   0.985388
	 6   25.0  25.0 -25.0   1.012071
	 7   25.0  25.0  25.0   0.986558
	REL:  8  0.079921    7.957420  0.994677 rel = 0.0803491 
	Number of iterations     6
	Min cost was 0.079921
	Number of FunctionCalls   621
	TolPowell 0.000000
	nMaxItersPowell 36
	OptimizationTime 35.712566 sec
	Parameters at optimum (transmm)  0.04197  0.13432 -0.32783
	Parameters at optimum (rotdeg)  0.46622 -0.09971 -0.04300 
	Final costs ----------------
	Number of surface hits 156598
	WM  Intensity   103.7620 +/-  21.1797
	Ctx Intensity   154.3732 +/-  32.2922
	Pct Contrast     38.3215 +/-  25.4992
	Cost   0.0799
	RelCost   0.0843
	Reg at min cost was 
	-0.99917  -0.03596  -0.01892  -0.18016;
	-0.03539   0.54126   0.84011   21.75693;
	 0.01997  -0.84009   0.54209   5.15213;
	 0.00000   0.00000   0.00000   1.00000;

	Writing optimal reg to /gpfs/milgram/scratch60/turk-browne/aa2842/sandbox/auditory-object-scenes-data/objects_scenes_bids/derivatives/sourcedata/freesurfer/sub-pp03/mri/transforms/T2raw.auto.dat, type = 14 
	Original Reg 
	-0.99911  -0.03783  -0.01861  -0.22882;
	-0.03596   0.53438   0.84448   21.66632;
	 0.02200  -0.84440   0.53527   5.30424;
	 0.00000   0.00000   0.00000   1.00000;

	Original Reg - Optimal Reg
	 0.00006  -0.00187   0.00031  -0.04866;
	-0.00057  -0.00688   0.00437  -0.09061;
	 0.00203  -0.00431  -0.00682   0.15211;
	 0.00000   0.00000   0.00000   0.00000;

	Computing change in lh position
	LH rmsDiffMean 0.356862
	Computing change in rh position
	Surface-RMS-Diff-mm 0.386071 0.162851 0.786207
	mri_segreg done
	MinCost: 0.079921 103.761979 154.373154 38.321538 
	tkregister2_cmdl --mov /gpfs/milgram/scratch60/turk-browne/aa2842/sandbox/auditory-object-scenes-data/objects_scenes_bids/derivatives/sourcedata/freesurfer/sub-pp03/mri/orig/T2raw.mgz --reg /gpfs/milgram/scratch60/turk-browne/aa2842/sandbox/auditory-object-scenes-data/objects_scenes_bids/derivatives/sourcedata/freesurfer/sub-pp03/mri/transforms/T2raw.auto.dat --noedit --ltaout /gpfs/milgram/scratch60/turk-browne/aa2842/sandbox/auditory-object-scenes-data/objects_scenes_bids/derivatives/sourcedata/freesurfer/sub-pp03/mri/transforms/T2raw.auto.lta
	INFO: no target volume specified, assuming FreeSurfer orig volume.
	target  volume orig
	movable volume /gpfs/milgram/scratch60/turk-browne/aa2842/sandbox/auditory-object-scenes-data/objects_scenes_bids/derivatives/sourcedata/freesurfer/sub-pp03/mri/orig/T2raw.mgz
	reg file       /gpfs/milgram/scratch60/turk-browne/aa2842/sandbox/auditory-object-scenes-data/objects_scenes_bids/derivatives/sourcedata/freesurfer/sub-pp03/mri/transforms/T2raw.auto.dat
	LoadVol        0
	ZeroCRAS       0
	7.3.2
	Diagnostic Level -1
	---- Input registration matrix --------
	-0.99917  -0.03596  -0.01892  -0.18016;
	-0.03539   0.54126   0.84011   21.75693;
	 0.01997  -0.84009   0.54209   5.15213;
	 0.00000   0.00000   0.00000   1.00000;
	float2int = 0
	---------------------------------------
	INFO: loading target /gpfs/milgram/scratch60/turk-browne/aa2842/sandbox/auditory-object-scenes-data/objects_scenes_bids/derivatives/sourcedata/freesurfer/sub-pp03/mri/orig.mgz
	INFO: target does not conform to COR format, so I'm going to
	reslice to COR. This will not affect the final registration.
	Ttarg: --------------------
	-1.00000   0.00000   0.00000   128.00000;
	 0.00000   0.00000   1.00000  -128.00000;
	 0.00000  -1.00000   0.00000   128.00000;
	 0.00000   0.00000   0.00000   1.00000;
	INFO: loading movable /gpfs/milgram/scratch60/turk-browne/aa2842/sandbox/auditory-object-scenes-data/objects_scenes_bids/derivatives/sourcedata/freesurfer/sub-pp03/mri/orig/T2raw.mgz
	Tmov: --------------------
	-0.52083   0.00000   0.00000   85.93745;
	 0.00000   0.00000   0.52083  -99.99994;
	 0.00000  -0.50000   0.00000   26.00000;
	 0.00000   0.00000   0.00000   1.00000;
	mkheaderreg = 0, float2int = 0
	---- Input registration matrix --------
	-0.99917  -0.03596  -0.01892  -0.18016;
	-0.03539   0.54126   0.84011   21.75693;
	 0.01997  -0.84009   0.54209   5.15213;
	 0.00000   0.00000   0.00000   1.00000;
	Determinant -1
	subject = sub-pp03
	RegMat ---------------------------
	-0.99917  -0.03596  -0.01892  -0.18016;
	-0.03539   0.54126   0.84011   21.75693;
	 0.01997  -0.84009   0.54209   5.15213;
	 0.00000   0.00000   0.00000   1.00000;
	Cleaning up
 
	Started at Thu May 14 03:02:42 EDT 2026 
	Ended   at Thu May 14 03:05:08 EDT 2026
	BBR-Run-Time-Sec 146
 
	bbregister Done
	To check results, run:
	tkregisterfv --mov /gpfs/milgram/scratch60/turk-browne/aa2842/sandbox/auditory-object-scenes-data/objects_scenes_bids/derivatives/sourcedata/freesurfer/sub-pp03/mri/orig/T2raw.mgz --reg /gpfs/milgram/scratch60/turk-browne/aa2842/sandbox/auditory-object-scenes-data/objects_scenes_bids/derivatives/sourcedata/freesurfer/sub-pp03/mri/transforms/T2raw.auto.lta --surfs  --sd /gpfs/milgram/scratch60/turk-browne/aa2842/sandbox/auditory-object-scenes-data/objects_scenes_bids/derivatives/sourcedata/freesurfer
 

	 cp /gpfs/milgram/scratch60/turk-browne/aa2842/sandbox/auditory-object-scenes-data/objects_scenes_bids/derivatives/sourcedata/freesurfer/sub-pp03/mri/transforms/T2raw.auto.lta /gpfs/milgram/scratch60/turk-browne/aa2842/sandbox/auditory-object-scenes-data/objects_scenes_bids/derivatives/sourcedata/freesurfer/sub-pp03/mri/transforms/T2raw.lta 

	mri_convert -odt float -at /gpfs/milgram/scratch60/turk-browne/aa2842/sandbox/auditory-object-scenes-data/objects_scenes_bids/derivatives/sourcedata/freesurfer/sub-pp03/mri/transforms/T2raw.lta -rl /gpfs/milgram/scratch60/turk-browne/aa2842/sandbox/auditory-object-scenes-data/objects_scenes_bids/derivatives/sourcedata/freesurfer/sub-pp03/mri/orig.mgz /gpfs/milgram/scratch60/turk-browne/aa2842/sandbox/auditory-object-scenes-data/objects_scenes_bids/derivatives/sourcedata/freesurfer/sub-pp03/mri/orig/T2raw.mgz /gpfs/milgram/scratch60/turk-browne/aa2842/sandbox/auditory-object-scenes-data/objects_scenes_bids/derivatives/sourcedata/freesurfer/sub-pp03/mri/T2.prenorm.mgz 
	reading from /gpfs/milgram/scratch60/turk-browne/aa2842/sandbox/auditory-object-scenes-data/objects_scenes_bids/derivatives/sourcedata/freesurfer/sub-pp03/mri/orig/T2raw.mgz...
	TR=3200.00, TE=0.00, TI=0.00, flip angle=0.00
	i_ras = (0.998838, 0.0431885, 0.02141)
	j_ras = (-0.024263, 0.834231, -0.550881)
	k_ras = (-0.0416526, 0.549721, 0.834309)
	INFO: Reading transformation from file /gpfs/milgram/scratch60/turk-browne/aa2842/sandbox/auditory-object-scenes-data/objects_scenes_bids/derivatives/sourcedata/freesurfer/sub-pp03/mri/transforms/T2raw.lta...
	Reading transform with LTAreadEx()
	reading template info from volume /gpfs/milgram/scratch60/turk-browne/aa2842/sandbox/auditory-object-scenes-data/objects_scenes_bids/derivatives/sourcedata/freesurfer/sub-pp03/mri/orig.mgz...
	INFO: Applying transformation from file /gpfs/milgram/scratch60/turk-browne/aa2842/sandbox/auditory-object-scenes-data/objects_scenes_bids/derivatives/sourcedata/freesurfer/sub-pp03/mri/transforms/T2raw.lta...
	---------------------------------
	INFO: Transform Matrix (linear_ras_to_ras)
	 0.99997   0.00704   0.00286   0.02827;
	-0.00701   0.99992  -0.01044   0.12131;
	-0.00294   0.01042   0.99994  -0.22084;
	 0.00000   0.00000   0.00000   1.00000;
	---------------------------------
	Applying LTAtransformInterp (resample_type 1)
	changing data type from short to float (noscale = 0)...
	writing to /gpfs/milgram/scratch60/turk-browne/aa2842/sandbox/auditory-object-scenes-data/objects_scenes_bids/derivatives/sourcedata/freesurfer/sub-pp03/mri/T2.prenorm.mgz...

	 mri_normalize -seed 1234 -sigma 0.5 -nonmax_suppress 0 -min_dist 1 -aseg /gpfs/milgram/scratch60/turk-browne/aa2842/sandbox/auditory-object-scenes-data/objects_scenes_bids/derivatives/sourcedata/freesurfer/sub-pp03/mri/aseg.presurf.mgz -surface /gpfs/milgram/scratch60/turk-browne/aa2842/sandbox/auditory-object-scenes-data/objects_scenes_bids/derivatives/sourcedata/freesurfer/sub-pp03/surf/lh.white identity.nofile -surface /gpfs/milgram/scratch60/turk-browne/aa2842/sandbox/auditory-object-scenes-data/objects_scenes_bids/derivatives/sourcedata/freesurfer/sub-pp03/surf/rh.white identity.nofile /gpfs/milgram/scratch60/turk-browne/aa2842/sandbox/auditory-object-scenes-data/objects_scenes_bids/derivatives/sourcedata/freesurfer/sub-pp03/mri/T2.prenorm.mgz /gpfs/milgram/scratch60/turk-browne/aa2842/sandbox/auditory-object-scenes-data/objects_scenes_bids/derivatives/sourcedata/freesurfer/sub-pp03/mri/T2.norm.mgz 

	setting seed for random number genererator to 1234
	using Gaussian smoothing of bias field, sigma=0.500
	disabling nonmaximum suppression
	retaining  points that are at least 1.000mm from the boundary
	using segmentation for initial intensity normalization
	reading mri_src from /gpfs/milgram/scratch60/turk-browne/aa2842/sandbox/auditory-object-scenes-data/objects_scenes_bids/derivatives/sourcedata/freesurfer/sub-pp03/mri/T2.prenorm.mgz...
	Copying mri_dst from mri_src
	computing distance transform
	computing distance transform
	min_dist = 1
	Erasing Border planes 4
	Removing non-wm voxels
	91703 non wm control points removed
	Building bias image
	building Voronoi diagram...
	performing soap bubble smoothing, sigma = 0...
	smoothing bias field with sigma=0.500
	MRIapplyBiasCorrectionSameGeometry()
	writing normalized volume to /gpfs/milgram/scratch60/turk-browne/aa2842/sandbox/auditory-object-scenes-data/objects_scenes_bids/derivatives/sourcedata/freesurfer/sub-pp03/mri/T2.norm.mgz
	#VMPC# mri_normalize VmPeak  1944768
	mri_normalize done

	 mri_mask -transfer 255 -keep_mask_deletion_edits /gpfs/milgram/scratch60/turk-browne/aa2842/sandbox/auditory-object-scenes-data/objects_scenes_bids/derivatives/sourcedata/freesurfer/sub-pp03/mri/T2.norm.mgz /gpfs/milgram/scratch60/turk-browne/aa2842/sandbox/auditory-object-scenes-data/objects_scenes_bids/derivatives/sourcedata/freesurfer/sub-pp03/mri/brain.finalsurfs.mgz /gpfs/milgram/scratch60/turk-browne/aa2842/sandbox/auditory-object-scenes-data/objects_scenes_bids/derivatives/sourcedata/freesurfer/sub-pp03/mri/T2.mgz 

	transfer mask voxels=255 to dst vol
	Transferring mask edits ('1' voxels) to dst vol
	DoAbs = 0
	Writing masked volume to /gpfs/milgram/scratch60/turk-browne/aa2842/sandbox/auditory-object-scenes-data/objects_scenes_bids/derivatives/sourcedata/freesurfer/sub-pp03/mri/T2.mgz...done.
	#--------------------------------------------
	#@# MMPialSurf lh Thu May 14 03:06:16 EDT 2026
	cd /gpfs/milgram/scratch60/turk-browne/aa2842/sandbox/auditory-object-scenes-data/objects_scenes_bids/derivatives/sourcedata/freesurfer/sub-pp03/mri
	mris_place_surface --adgws-in ../surf/autodet.gw.stats.lh.dat --seg aseg.presurf.mgz --wm wm.mgz --threads 4 --invol brain.finalsurfs.mgz --lh --i ../surf/lh.pial.T1 --o ../surf/lh.pial.T2 --pial --nsmooth 0 --rip-label ../label/lh.cortex+hipamyg.label --pin-medial-wall ../label/lh.cortex.label --white-surf ../surf/lh.white --aparc ../label/lh.aparc.annot --repulse-surf ../surf/lh.white --mmvol T2.mgz T2
	7.3.2
	7.3.2

	cd /gpfs/milgram/scratch60/turk-browne/aa2842/sandbox/auditory-object-scenes-data/objects_scenes_bids/derivatives/sourcedata/freesurfer/sub-pp03/mri
	setenv SUBJECTS_DIR /gpfs/milgram/scratch60/turk-browne/aa2842/sandbox/auditory-object-scenes-data/objects_scenes_bids/derivatives/sourcedata/freesurfer
	mris_place_surface --adgws-in ../surf/autodet.gw.stats.lh.dat --seg aseg.presurf.mgz --wm wm.mgz --threads 4 --invol brain.finalsurfs.mgz --lh --i ../surf/lh.pial.T1 --o ../surf/lh.pial.T2 --pial --nsmooth 0 --rip-label ../label/lh.cortex+hipamyg.label --pin-medial-wall ../label/lh.cortex.label --white-surf ../surf/lh.white --aparc ../label/lh.aparc.annot --repulse-surf ../surf/lh.white --mmvol T2.mgz T2 

	Reading in input surface ../surf/lh.pial.T1
	Not smoothing input surface
	removing intersecting faces
	000: 82 intersecting
	001: 65 intersecting
	002: 58 intersecting
	003: 52 intersecting
	step 1 with no progress (num=52, old_num=52)
	004: 52 intersecting
	step 2 with no progress (num=52, old_num=52)
	005: 52 intersecting
	step 3 with no progress (num=52, old_num=52)
	006: 52 intersecting
	step 4 with no progress (num=52, old_num=52)
	007: 52 intersecting
	step 5 with no progress (num=52, old_num=52)
	008: 52 intersecting
	step 6 with no progress (num=52, old_num=52)
	009: 52 intersecting
	step 7 with no progress (num=52, old_num=52)
	010: 52 intersecting
	step 8 with no progress (num=52, old_num=52)
	011: 52 intersecting
	step 9 with no progress (num=52, old_num=52)
	012: 52 intersecting
	step 10 with no progress (num=52, old_num=52)
	013: 52 intersecting
	step 11 with no progress (num=52, old_num=52)
	014: 52 intersecting
	step 12 with no progress (num=52, old_num=52)
	015: 52 intersecting
	step 13 with no progress (num=52, old_num=52)
	016: 52 intersecting
	step 14 with no progress (num=52, old_num=52)
	017: 52 intersecting
	step 15 with no progress (num=52, old_num=52)
	018: 52 intersecting
	step 16 with no progress (num=52, old_num=52)
	terminating search with 52 intersecting
	Area    460704  0.24429  0.19191 0.000045   4.9232
	Corner 1382112 60.00000 30.59250 0.028368 179.9029
	Edge    691056  0.78797  0.36531 0.001409   6.6839
	Hinge   691056 14.52309 22.46364 0.000009 179.9981
	Reading white surface coordinates from ../surf/lh.white
	Reading repulsion surface coordinates from ../surf/lh.white
	Reading in aparc ../label/lh.aparc.annot
	Reading in input volume brain.finalsurfs.mgz
	Reading in wm volume wm.mgz
	MRIclipBrightWM(): nthresh=22014, wmmin=5, clip=110 
	MRIfindBrightNonWM(): 83 bright non-wm voxels segmented.
	Masking bright non-wm for pial surface mid_gray = 77.7332
	MRImask(): AllowDiffGeom = 1
	MRImask(): AllowDiffGeom = 1
	MRImask(): AllowDiffGeom = 1
	Reading in seg volume aseg.presurf.mgz
	Ripping frozen voxels
	Ripping vertices not in label ../label/lh.cortex+hipamyg.label
	MRISripNotLabel() ripped 9566/230354 vertices (220788 unripped)
	INFO: rip surface needed but not specified, so using input surface
	Ripping segs (eg, WMSA, BG, frozen)
	Starting MRISripSegs() d = (-2 2 0.5) segnos: 247 
	MRISripSegs(): -2 2 0.5 ripped 0
	Reading in multimodal volume T2.mgz
	 using multi modal weights 
	vertex 115177: xyz = (-41.3151,0.414992,-1.69233) oxyz = (-36.9765,0.989173,-1.20165) wxzy = (-36.9765,0.989173,-1.20165) pxyz = (-41.3151,0.414992,-1.69233) 
	CBVO Creating mask 230354
	n_averages 4
	Iteration 0 =========================================
	n_averages=4, current_sigma=2
	Computing pial target locations using multimodal (1)
	starting MRIScomputePialTargetLocationsMultiModal()
	max_outward_dist = 3, sample_dist = 0.1, pix_size = 0.8, whalf = 9
	T2_min_inside = 110, T2_max_inside 300, T2_min_outside = 130, T2_max_outside 300
	inside_peak_pct = 0.1, 0.01, outside_peak_pct = 0.5, 0.5
	wm_weight = 3, nlabels=0, contrast_type=1
	Changed 508285 aseg cortex voxels to 0
	Creating lowres distance volumes t=0.0209797
	Creating white distance volumes t=0.460377
	(box.dx, box.dy, box.dz) = (177, 263, 417)
	(region->dx, region->dy, region->dz) = (177, 263, 417)
	(region->dx, region->dy, region->dz) = (177, 263, 417)
	Creating pial distance volumes t=1.01233
	(box.dx, box.dy, box.dz) = (187, 276, 427)
	(region->dx, region->dy, region->dz) = (187, 276, 427)
	(region->dx, region->dy, region->dz) = (187, 276, 427)
	locating cortical regions not in interior range [110.0 --> 300.0], and not in exterior range [130.0 --> 300.0]
	t = 1.67221
	Starting loop over 230354 vertices
	   vno = 0, t = 1.67221
	error: Numerical argument out of domain
	error: MRIhistogramLabelRegion: constant image 
	error: Numerical argument out of domain
	error: MRIhistogramLabelRegion: constant image 
	Segmentation fault (core dumped)
	Linux r812u31n01.milgram.ycrc.yale.edu 4.18.0-553.87.1.el8_10.x86_64 #1 SMP Tue Nov 25 00:57:14 EST 2025 x86_64 x86_64 x86_64 GNU/Linux

	recon-all -s sub-pp03 exited with ERRORS at Thu May 14 03:09:08 EDT 2026

	For more details, see the log file /gpfs/milgram/scratch60/turk-browne/aa2842/sandbox/auditory-object-scenes-data/objects_scenes_bids/derivatives/sourcedata/freesurfer/sub-pp03/scripts/recon-all.log
	To report a problem, see http://surfer.nmr.mgh.harvard.edu/fswiki/BugReporting

Stderr:

Traceback:
	RuntimeError: subprocess exited with code 1.

260514-03:09:12,309 cli ERROR:
	 Preprocessing did not finish successfully. Errors occurred while processing data from participants: pp03 (1). Check the HTML reports for details.
